,panel_name,image_name,lebel,time,LUX,TEMP (Celcius),power
0,d-1-3-1,d-1-3-1.jpg,d,1,1350,27,23.4639
1,d-1-3-2,d-1-3-2.jpg,d,1,1350,27,23.4639
2,d-1-3-3,d-1-3-3.jpg,d,1,1350,27,23.4639
3,d-1-3-4,d-1-3-4.jpg,d,1,1350,27,23.4639
4,d-1-4-1,d-1-4-1.jpg,d,1,1380,27.1,22.2275
5,d-1-4-2,d-1-4-2.jpg,d,1,1380,27.1,22.2275
6,d-1-4-3,d-1-4-3.jpg,d,1,1380,27.1,22.2275
7,d-1-4-4,d-1-4-4.jpg,d,1,1380,27.1,22.2275
8,d-1-5-1,d-1-5-1.jpg,d,1,1460,27.3,26.9468
9,d-1-5-2,d-1-5-2.jpg,d,1,1460,27.3,26.9468
10,d-1-5-3,d-1-5-3.jpg,d,1,1460,27.3,26.9468
11,d-1-5-4,d-1-5-4.jpg,d,1,1460,27.3,26.9468
12,d-1-6-1,d-1-6-1.jpg,d,1,1430,27.5,26.77
13,d-1-6-2,d-1-6-2.jpg,d,1,1430,27.5,26.77
14,d-1-6-3,d-1-6-3.jpg,d,1,1430,27.5,26.77
15,d-1-6-4,d-1-6-4.jpg,d,1,1430,27.5,26.77
16,d-1-7-1,d-1-7-1.jpg,d,1,1433,27.7,28.1736
17,d-1-7-2,d-1-7-2.jpg,d,1,1433,27.7,28.1736
18,d-1-7-3,d-1-7-3.jpg,d,1,1433,27.7,28.1736
19,d-1-7-4,d-1-7-4.jpg,d,1,1433,27.7,28.1736
20,d-1-9-1,d-1-9-1.jpg,d,1,1495,27.4,30.0921
21,d-1-9-2,d-1-9-2.jpg,d,1,1495,27.4,30.0921
22,d-1-9-3,d-1-9-3.jpg,d,1,1495,27.4,30.0921
23,d-1-9-4,d-1-9-4.jpg,d,1,1495,27.4,30.0921
24,d-1-11-1,d-1-11-1.jpg,d,1,1670,27.3,30.3856
25,d-1-11-2,d-1-11-2.jpg,d,1,1670,27.3,30.3856
26,d-1-11-3,d-1-11-3.jpg,d,1,1670,27.3,30.3856
27,d-1-11-4,d-1-11-4.jpg,d,1,1670,27.3,30.3856
28,d-1-12-1,d-1-12-1.jpg,d,1,1630,26.9,27.5298
29,d-1-12-2,d-1-12-2.jpg,d,1,1630,26.9,27.5298
30,d-1-12-3,d-1-12-3.jpg,d,1,1630,26.9,27.5298
31,d-1-12-4,d-1-12-4.jpg,d,1,1630,26.9,27.5298
32,d-1-16-1,d-1-16-1.jpg,d,1,2200,26.6,34.974
33,d-1-16-2,d-1-16-2.jpg,d,1,2200,26.6,34.974
34,d-1-16-3,d-1-16-3.jpg,d,1,2200,26.6,34.974
35,d-1-16-4,d-1-16-4.jpg,d,1,2200,26.6,34.974
36,d-1-20-1,d-1-20-1.jpg,d,1,2380,26.2,28.336
37,d-1-20-2,d-1-20-2.jpg,d,1,2380,26.2,28.336
38,d-1-20-3,d-1-20-3.jpg,d,1,2380,26.2,28.336
39,d-1-20-4,d-1-20-4.jpg,d,1,2380,26.2,28.336
40,d-1-21-1,d-1-21-1.jpg,d,1,2250,27.3,34.8864
41,d-1-21-2,d-1-21-2.jpg,d,1,2250,27.3,34.8864
42,d-1-21-3,d-1-21-3.jpg,d,1,2250,27.3,34.8864
43,d-1-21-4,d-1-21-4.jpg,d,1,2250,27.3,34.8864
44,d-1-26-1,d-1-26-1.jpg,d,1,2250,27.2,32.4864
45,d-1-26-2,d-1-26-2.jpg,d,1,2250,27.2,32.4864
46,d-1-26-3,d-1-26-3.jpg,d,1,2250,27.2,32.4864
47,d-1-26-4,d-1-26-4.jpg,d,1,2250,27.2,32.4864
48,d-1-27-1,d-1-27-1.jpg,d,1,2878,27.2,29.7999
49,d-1-27-2,d-1-27-2.jpg,d,1,2878,27.2,29.7999
50,d-1-27-3,d-1-27-3.jpg,d,1,2878,27.2,29.7999
51,d-1-27-4,d-1-27-4.jpg,d,1,2878,27.2,29.7999
52,d-1-28-1,d-1-28-1.jpg,d,1,2767,27,34.5168
53,d-1-28-2,d-1-28-2.jpg,d,1,2767,27,34.5168
54,d-1-28-3,d-1-28-3.jpg,d,1,2767,27,34.5168
55,d-1-28-4,d-1-28-4.jpg,d,1,2767,27,34.5168
56,d-1-29-1,d-1-29-1.jpg,d,1,2942,26,34.476
57,d-1-29-2,d-1-29-2.jpg,d,1,2942,26,34.476
58,d-1-29-3,d-1-29-3.jpg,d,1,2942,26,34.476
59,d-1-29-4,d-1-29-4.jpg,d,1,2942,26,34.476
60,d-1-30-1,d-1-30-1.jpg,d,1,3158,25.5,43.86
61,d-1-30-2,d-1-30-2.jpg,d,1,3158,25.5,43.86
62,d-1-30-3,d-1-30-3.jpg,d,1,3158,25.5,43.86
63,d-1-30-4,d-1-30-4.jpg,d,1,3158,25.5,43.86
64,d-1-31-1,d-1-31-1.jpg,d,1,3155,25.2,40.6245
65,d-1-31-2,d-1-31-2.jpg,d,1,3155,25.2,40.6245
66,d-1-31-3,d-1-31-3.jpg,d,1,3155,25.2,40.6245
67,d-1-31-4,d-1-31-4.jpg,d,1,3155,25.2,40.6245
68,d-1-32-1,d-1-32-1.jpg,d,1,3208,25.3,34.1968
69,d-1-32-2,d-1-32-2.jpg,d,1,3208,25.3,34.1968
70,d-1-32-3,d-1-32-3.jpg,d,1,3208,25.3,34.1968
71,d-1-32-4,d-1-32-4.jpg,d,1,3208,25.3,34.1968
72,d-1-33-1,d-1-33-1.jpg,d,1,3220,25.2,25.0488
73,d-1-33-2,d-1-33-2.jpg,d,1,3220,25.2,25.0488
74,d-1-33-3,d-1-33-3.jpg,d,1,3220,25.2,25.0488
75,d-1-33-4,d-1-33-4.jpg,d,1,3220,25.2,25.0488
76,d-1-34-1,d-1-34-1.jpg,d,1,2927,25.7,35.924
77,d-1-34-2,d-1-34-2.jpg,d,1,2927,25.7,35.924
78,d-1-34-3,d-1-34-3.jpg,d,1,2927,25.7,35.924
79,d-1-34-4,d-1-34-4.jpg,d,1,2927,25.7,35.924
80,d-1-35-1,d-1-35-1.jpg,d,1,2967,26.1,41.565
81,d-1-35-2,d-1-35-2.jpg,d,1,2967,26.1,41.565
82,d-1-35-3,d-1-35-3.jpg,d,1,2967,26.1,41.565
83,d-1-35-4,d-1-35-4.jpg,d,1,2967,26.1,41.565
84,d-2-3-1,d-2-3-1.jpg,d,2,3063,25.7,64.1355
85,d-2-3-2,d-2-3-2.jpg,d,2,3063,25.7,64.1355
86,d-2-3-3,d-2-3-3.jpg,d,2,3063,25.7,64.1355
87,d-2-3-4,d-2-3-4.jpg,d,2,3063,25.7,64.1355
88,d-2-4-1,d-2-4-1.jpg,d,2,3195,26.5,48.672
89,d-2-4-2,d-2-4-2.jpg,d,2,3195,26.5,48.672
90,d-2-4-3,d-2-4-3.jpg,d,2,3195,26.5,48.672
91,d-2-4-4,d-2-4-4.jpg,d,2,3195,26.5,48.672
92,d-2-5-1,d-2-5-1.jpg,d,2,2940,26.8,62.208
93,d-2-5-2,d-2-5-2.jpg,d,2,2940,26.8,62.208
94,d-2-5-3,d-2-5-3.jpg,d,2,2940,26.8,62.208
95,d-2-5-4,d-2-5-4.jpg,d,2,2940,26.8,62.208
96,d-2-6-1,d-2-6-1.jpg,d,2,2597,27,49.8225
97,d-2-6-2,d-2-6-2.jpg,d,2,2597,27,49.8225
98,d-2-6-3,d-2-6-3.jpg,d,2,2597,27,49.8225
99,d-2-6-4,d-2-6-4.jpg,d,2,2597,27,49.8225
100,d-2-7-1,d-2-7-1.jpg,d,2,3023,28.7,50.4108
101,d-2-7-2,d-2-7-2.jpg,d,2,3023,28.7,50.4108
102,d-2-7-3,d-2-7-3.jpg,d,2,3023,28.7,50.4108
103,d-2-7-4,d-2-7-4.jpg,d,2,3023,28.7,50.4108
104,d-2-9-1,d-2-9-1.jpg,d,2,3134,30.3,48.8638
105,d-2-9-2,d-2-9-2.jpg,d,2,3134,30.3,48.8638
106,d-2-9-3,d-2-9-3.jpg,d,2,3134,30.3,48.8638
107,d-2-9-4,d-2-9-4.jpg,d,2,3134,30.3,48.8638
108,d-2-11-1,d-2-11-1.jpg,d,2,2660,31.2,45.5679
109,d-2-11-2,d-2-11-2.jpg,d,2,2660,31.2,45.5679
110,d-2-11-3,d-2-11-3.jpg,d,2,2660,31.2,45.5679
111,d-2-11-4,d-2-11-4.jpg,d,2,2660,31.2,45.5679
112,d-2-12-1,d-2-12-1.jpg,d,2,2903,32.4,44.0664
113,d-2-12-2,d-2-12-2.jpg,d,2,2903,32.4,44.0664
114,d-2-12-3,d-2-12-3.jpg,d,2,2903,32.4,44.0664
115,d-2-12-4,d-2-12-4.jpg,d,2,2903,32.4,44.0664
116,d-2-16-1,d-2-16-1.jpg,d,2,3112,32.9,52.3152
117,d-2-16-2,d-2-16-2.jpg,d,2,3112,32.9,52.3152
118,d-2-16-3,d-2-16-3.jpg,d,2,3112,32.9,52.3152
119,d-2-16-4,d-2-16-4.jpg,d,2,3112,32.9,52.3152
120,d-2-20-1,d-2-20-1.jpg,d,2,3075,33.3,49.8932
121,d-2-20-2,d-2-20-2.jpg,d,2,3075,33.3,49.8932
122,d-2-20-3,d-2-20-3.jpg,d,2,3075,33.3,49.8932
123,d-2-20-4,d-2-20-4.jpg,d,2,3075,33.3,49.8932
124,d-2-21-1,d-2-21-1.jpg,d,2,3155,33.5,65.529
125,d-2-21-2,d-2-21-2.jpg,d,2,3155,33.5,65.529
126,d-2-21-3,d-2-21-3.jpg,d,2,3155,33.5,65.529
127,d-2-21-4,d-2-21-4.jpg,d,2,3155,33.5,65.529
128,d-2-26-1,d-2-26-1.jpg,d,2,3719,33.8,49.1232
129,d-2-26-2,d-2-26-2.jpg,d,2,3719,33.8,49.1232
130,d-2-26-3,d-2-26-3.jpg,d,2,3719,33.8,49.1232
131,d-2-26-4,d-2-26-4.jpg,d,2,3719,33.8,49.1232
132,d-2-27-1,d-2-27-1.jpg,d,2,3439,33.7,50.2389
133,d-2-27-2,d-2-27-2.jpg,d,2,3439,33.7,50.2389
134,d-2-27-3,d-2-27-3.jpg,d,2,3439,33.7,50.2389
135,d-2-27-4,d-2-27-4.jpg,d,2,3439,33.7,50.2389
136,d-2-28-1,d-2-28-1.jpg,d,2,3183,33,48.8631
137,d-2-28-2,d-2-28-2.jpg,d,2,3183,33,48.8631
138,d-2-28-3,d-2-28-3.jpg,d,2,3183,33,48.8631
139,d-2-28-4,d-2-28-4.jpg,d,2,3183,33,48.8631
140,d-2-29-1,d-2-29-1.jpg,d,2,3636,32.5,47.4825
141,d-2-29-2,d-2-29-2.jpg,d,2,3636,32.5,47.4825
142,d-2-29-3,d-2-29-3.jpg,d,2,3636,32.5,47.4825
143,d-2-29-4,d-2-29-4.jpg,d,2,3636,32.5,47.4825
144,d-2-30-1,d-2-30-1.jpg,d,2,3516,32.2,50.752
145,d-2-30-2,d-2-30-2.jpg,d,2,3516,32.2,50.752
146,d-2-30-3,d-2-30-3.jpg,d,2,3516,32.2,50.752
147,d-2-30-4,d-2-30-4.jpg,d,2,3516,32.2,50.752
148,d-2-31-1,d-2-31-1.jpg,d,2,3402,32,49.8168
149,d-2-31-2,d-2-31-2.jpg,d,2,3402,32,49.8168
150,d-2-31-3,d-2-31-3.jpg,d,2,3402,32,49.8168
151,d-2-31-4,d-2-31-4.jpg,d,2,3402,32,49.8168
152,d-2-32-1,d-2-32-1.jpg,d,2,3294,32,40.4542
153,d-2-32-2,d-2-32-2.jpg,d,2,3294,32,40.4542
154,d-2-32-3,d-2-32-3.jpg,d,2,3294,32,40.4542
155,d-2-32-4,d-2-32-4.jpg,d,2,3294,32,40.4542
156,d-2-33-1,d-2-33-1.jpg,d,2,2992,31.9,39.9832
157,d-2-33-2,d-2-33-2.jpg,d,2,2992,31.9,39.9832
158,d-2-33-3,d-2-33-3.jpg,d,2,2992,31.9,39.9832
159,d-2-33-4,d-2-33-4.jpg,d,2,2992,31.9,39.9832
160,d-2-34-1,d-2-34-1.jpg,d,2,2775,31.9,50.4494
161,d-2-34-2,d-2-34-2.jpg,d,2,2775,31.9,50.4494
162,d-2-34-3,d-2-34-3.jpg,d,2,2775,31.9,50.4494
163,d-2-34-4,d-2-34-4.jpg,d,2,2775,31.9,50.4494
164,d-2-35-1,d-2-35-1.jpg,d,2,3414,31.9,50.715
165,d-2-35-2,d-2-35-2.jpg,d,2,3414,31.9,50.715
166,d-2-35-3,d-2-35-3.jpg,d,2,3414,31.9,50.715
167,d-2-35-4,d-2-35-4.jpg,d,2,3414,31.9,50.715
168,d-3-3-1,d-3-3-1.jpg,d,3,2460,25.3,6.3099
169,d-3-3-2,d-3-3-2.jpg,d,3,2460,25.3,6.3099
170,d-3-3-3,d-3-3-3.jpg,d,3,2460,25.3,6.3099
171,d-3-3-4,d-3-3-4.jpg,d,3,2460,25.3,6.3099
172,d-3-4-1,d-3-4-1.jpg,d,3,2423,25.3,5.1502
173,d-3-4-2,d-3-4-2.jpg,d,3,2423,25.3,5.1502
174,d-3-4-3,d-3-4-3.jpg,d,3,2423,25.3,5.1502
175,d-3-4-4,d-3-4-4.jpg,d,3,2423,25.3,5.1502
176,d-3-5-1,d-3-5-1.jpg,d,3,2323,25.4,4.676
177,d-3-5-2,d-3-5-2.jpg,d,3,2323,25.4,4.676
178,d-3-5-3,d-3-5-3.jpg,d,3,2323,25.4,4.676
179,d-3-5-4,d-3-5-4.jpg,d,3,2323,25.4,4.676
180,d-3-6-1,d-3-6-1.jpg,d,3,2268,25.4,5.5848
181,d-3-6-2,d-3-6-2.jpg,d,3,2268,25.4,5.5848
182,d-3-6-3,d-3-6-3.jpg,d,3,2268,25.4,5.5848
183,d-3-6-4,d-3-6-4.jpg,d,3,2268,25.4,5.5848
184,d-3-7-1,d-3-7-1.jpg,d,3,2144,25.4,5.8125
185,d-3-7-2,d-3-7-2.jpg,d,3,2144,25.4,5.8125
186,d-3-7-3,d-3-7-3.jpg,d,3,2144,25.4,5.8125
187,d-3-7-4,d-3-7-4.jpg,d,3,2144,25.4,5.8125
188,d-3-9-1,d-3-9-1.jpg,d,3,2128,25.2,4.4156
189,d-3-9-2,d-3-9-2.jpg,d,3,2128,25.2,4.4156
190,d-3-9-3,d-3-9-3.jpg,d,3,2128,25.2,4.4156
191,d-3-9-4,d-3-9-4.jpg,d,3,2128,25.2,4.4156
192,d-3-11-1,d-3-11-1.jpg,d,3,1640,24.8,2.7768
193,d-3-11-2,d-3-11-2.jpg,d,3,1640,24.8,2.7768
194,d-3-11-3,d-3-11-3.jpg,d,3,1640,24.8,2.7768
195,d-3-11-4,d-3-11-4.jpg,d,3,1640,24.8,2.7768
196,d-3-12-1,d-3-12-1.jpg,d,3,1631,24.8,2.0763
197,d-3-12-2,d-3-12-2.jpg,d,3,1631,24.8,2.0763
198,d-3-12-3,d-3-12-3.jpg,d,3,1631,24.8,2.0763
199,d-3-12-4,d-3-12-4.jpg,d,3,1631,24.8,2.0763
200,d-3-16-1,d-3-16-1.jpg,d,3,1852,24.7,2.772
201,d-3-16-2,d-3-16-2.jpg,d,3,1852,24.7,2.772
202,d-3-16-3,d-3-16-3.jpg,d,3,1852,24.7,2.772
203,d-3-16-4,d-3-16-4.jpg,d,3,1852,24.7,2.772
204,d-3-20-1,d-3-20-1.jpg,d,3,1422,24.5,5.06
205,d-3-20-2,d-3-20-2.jpg,d,3,1422,24.5,5.06
206,d-3-20-3,d-3-20-3.jpg,d,3,1422,24.5,5.06
207,d-3-20-4,d-3-20-4.jpg,d,3,1422,24.5,5.06
208,d-3-21-1,d-3-21-1.jpg,d,3,1350,24.5,4.1364
209,d-3-21-2,d-3-21-2.jpg,d,3,1350,24.5,4.1364
210,d-3-21-3,d-3-21-3.jpg,d,3,1350,24.5,4.1364
211,d-3-21-4,d-3-21-4.jpg,d,3,1350,24.5,4.1364
212,d-3-26-1,d-3-26-1.jpg,d,3,1166,24.4,3.8947
213,d-3-26-2,d-3-26-2.jpg,d,3,1166,24.4,3.8947
214,d-3-26-3,d-3-26-3.jpg,d,3,1166,24.4,3.8947
215,d-3-26-4,d-3-26-4.jpg,d,3,1166,24.4,3.8947
216,d-3-27-1,d-3-27-1.jpg,d,3,1082,24.5,5.472
217,d-3-27-2,d-3-27-2.jpg,d,3,1082,24.5,5.472
218,d-3-27-3,d-3-27-3.jpg,d,3,1082,24.5,5.472
219,d-3-27-4,d-3-27-4.jpg,d,3,1082,24.5,5.472
220,d-3-28-1,d-3-28-1.jpg,d,3,710,26.5,5.005
221,d-3-28-2,d-3-28-2.jpg,d,3,710,26.5,5.005
222,d-3-28-3,d-3-28-3.jpg,d,3,710,26.5,5.005
223,d-3-28-4,d-3-28-4.jpg,d,3,710,26.5,5.005
224,d-3-29-1,d-3-29-1.jpg,d,3,707,24.5,4.3206
225,d-3-29-2,d-3-29-2.jpg,d,3,707,24.5,4.3206
226,d-3-29-3,d-3-29-3.jpg,d,3,707,24.5,4.3206
227,d-3-29-4,d-3-29-4.jpg,d,3,707,24.5,4.3206
228,d-3-30-1,d-3-30-1.jpg,d,3,660,24.5,4.3168
229,d-3-30-2,d-3-30-2.jpg,d,3,660,24.5,4.3168
230,d-3-30-3,d-3-30-3.jpg,d,3,660,24.5,4.3168
231,d-3-30-4,d-3-30-4.jpg,d,3,660,24.5,4.3168
232,d-3-31-1,d-3-31-1.jpg,d,3,629,24.5,4.767
233,d-3-31-2,d-3-31-2.jpg,d,3,629,24.5,4.767
234,d-3-31-3,d-3-31-3.jpg,d,3,629,24.5,4.767
235,d-3-31-4,d-3-31-4.jpg,d,3,629,24.5,4.767
236,d-3-32-1,d-3-32-1.jpg,d,3,594,24.5,4.0626
237,d-3-32-2,d-3-32-2.jpg,d,3,594,24.5,4.0626
238,d-3-32-3,d-3-32-3.jpg,d,3,594,24.5,4.0626
239,d-3-32-4,d-3-32-4.jpg,d,3,594,24.5,4.0626
240,d-3-33-1,d-3-33-1.jpg,d,3,587,24.5,2.3595
241,d-3-33-2,d-3-33-2.jpg,d,3,587,24.5,2.3595
242,d-3-33-3,d-3-33-3.jpg,d,3,587,24.5,2.3595
243,d-3-33-4,d-3-33-4.jpg,d,3,587,24.5,2.3595
244,d-3-34-1,d-3-34-1.jpg,d,3,584,24.5,2.436
245,d-3-34-2,d-3-34-2.jpg,d,3,584,24.5,2.436
246,d-3-34-3,d-3-34-3.jpg,d,3,584,24.5,2.436
247,d-3-34-4,d-3-34-4.jpg,d,3,584,24.5,2.436
248,d-3-35-1,d-3-35-1.jpg,d,3,572,24.5,2.9708
249,d-3-35-2,d-3-35-2.jpg,d,3,572,24.5,2.9708
250,d-3-35-3,d-3-35-3.jpg,d,3,572,24.5,2.9708
251,d-3-35-4,d-3-35-4.jpg,d,3,572,24.5,2.9708
336,c-2-3-1,c-2-3-1.jpg,c,2,4215,27.7,91.4751
337,c-2-3-2,c-2-3-2.jpg,c,2,4215,27.7,91.4751
338,c-2-3-3,c-2-3-3.jpg,c,2,4215,27.7,91.4751
339,c-2-3-4,c-2-3-4.jpg,c,2,4215,27.7,91.4751
340,c-2-4-1,c-2-4-1.jpg,c,2,4050,27.6,73.3148
341,c-2-4-2,c-2-4-2.jpg,c,2,4050,27.6,73.3148
342,c-2-4-3,c-2-4-3.jpg,c,2,4050,27.6,73.3148
343,c-2-4-4,c-2-4-4.jpg,c,2,4050,27.6,73.3148
344,c-2-5-1,c-2-5-1.jpg,c,2,4120,27.7,82.8504
345,c-2-5-2,c-2-5-2.jpg,c,2,4120,27.7,82.8504
346,c-2-5-3,c-2-5-3.jpg,c,2,4120,27.7,82.8504
347,c-2-5-4,c-2-5-4.jpg,c,2,4120,27.7,82.8504
348,c-2-6-1,c-2-6-1.jpg,c,2,3947,28.2,74.7684
349,c-2-6-2,c-2-6-2.jpg,c,2,3947,28.2,74.7684
350,c-2-6-3,c-2-6-3.jpg,c,2,3947,28.2,74.7684
351,c-2-6-4,c-2-6-4.jpg,c,2,3947,28.2,74.7684
352,c-2-7-1,c-2-7-1.jpg,c,2,3969,28.5,80.2314
353,c-2-7-2,c-2-7-2.jpg,c,2,3969,28.5,80.2314
354,c-2-7-3,c-2-7-3.jpg,c,2,3969,28.5,80.2314
355,c-2-7-4,c-2-7-4.jpg,c,2,3969,28.5,80.2314
356,c-2-9-1,c-2-9-1.jpg,c,2,3842,30.1,74.04
357,c-2-9-2,c-2-9-2.jpg,c,2,3842,30.1,74.04
358,c-2-9-3,c-2-9-3.jpg,c,2,3842,30.1,74.04
359,c-2-9-4,c-2-9-4.jpg,c,2,3842,30.1,74.04
360,c-2-11-1,c-2-11-1.jpg,c,2,3911,30,73.656
361,c-2-11-2,c-2-11-2.jpg,c,2,3911,30,73.656
362,c-2-11-3,c-2-11-3.jpg,c,2,3911,30,73.656
363,c-2-11-4,c-2-11-4.jpg,c,2,3911,30,73.656
364,c-2-12-1,c-2-12-1.jpg,c,2,4077,30,81.279
365,c-2-12-2,c-2-12-2.jpg,c,2,4077,30,81.279
366,c-2-12-3,c-2-12-3.jpg,c,2,4077,30,81.279
367,c-2-12-4,c-2-12-4.jpg,c,2,4077,30,81.279
368,c-2-16-1,c-2-16-1.jpg,c,2,4486,31,86.652
369,c-2-16-2,c-2-16-2.jpg,c,2,4486,31,86.652
370,c-2-16-3,c-2-16-3.jpg,c,2,4486,31,86.652
371,c-2-16-4,c-2-16-4.jpg,c,2,4486,31,86.652
372,c-2-20-1,c-2-20-1.jpg,c,2,4049,30.2,85.995
373,c-2-20-2,c-2-20-2.jpg,c,2,4049,30.2,85.995
374,c-2-20-3,c-2-20-3.jpg,c,2,4049,30.2,85.995
375,c-2-20-4,c-2-20-4.jpg,c,2,4049,30.2,85.995
376,c-2-21-1,c-2-21-1.jpg,c,2,4240,30,87.5268
377,c-2-21-2,c-2-21-2.jpg,c,2,4240,30,87.5268
378,c-2-21-3,c-2-21-3.jpg,c,2,4240,30,87.5268
379,c-2-21-4,c-2-21-4.jpg,c,2,4240,30,87.5268
380,c-2-26-1,c-2-26-1.jpg,c,2,4480,30.6,79.8969
381,c-2-26-2,c-2-26-2.jpg,c,2,4480,30.6,79.8969
382,c-2-26-3,c-2-26-3.jpg,c,2,4480,30.6,79.8969
383,c-2-26-4,c-2-26-4.jpg,c,2,4480,30.6,79.8969
384,c-2-27-1,c-2-27-1.jpg,c,2,4013,30.3,75.3685
385,c-2-27-2,c-2-27-2.jpg,c,2,4013,30.3,75.3685
386,c-2-27-3,c-2-27-3.jpg,c,2,4013,30.3,75.3685
387,c-2-27-4,c-2-27-4.jpg,c,2,4013,30.3,75.3685
388,c-2-28-1,c-2-28-1.jpg,c,2,4239,30.5,72.265
389,c-2-28-2,c-2-28-2.jpg,c,2,4239,30.5,72.265
390,c-2-28-3,c-2-28-3.jpg,c,2,4239,30.5,72.265
391,c-2-28-4,c-2-28-4.jpg,c,2,4239,30.5,72.265
392,c-2-29-1,c-2-29-1.jpg,c,2,4377,30.8,84.6558
393,c-2-29-2,c-2-29-2.jpg,c,2,4377,30.8,84.6558
394,c-2-29-3,c-2-29-3.jpg,c,2,4377,30.8,84.6558
395,c-2-29-4,c-2-29-4.jpg,c,2,4377,30.8,84.6558
396,c-2-30-1,c-2-30-1.jpg,c,2,4409,31.1,94.848
397,c-2-30-2,c-2-30-2.jpg,c,2,4409,31.1,94.848
398,c-2-30-3,c-2-30-3.jpg,c,2,4409,31.1,94.848
399,c-2-30-4,c-2-30-4.jpg,c,2,4409,31.1,94.848
400,c-2-31-1,c-2-31-1.jpg,c,2,4411,31.2,90.7537
401,c-2-31-2,c-2-31-2.jpg,c,2,4411,31.2,90.7537
402,c-2-31-3,c-2-31-3.jpg,c,2,4411,31.2,90.7537
403,c-2-31-4,c-2-31-4.jpg,c,2,4411,31.2,90.7537
404,c-2-32-1,c-2-32-1.jpg,c,2,4321,31.6,81.42
405,c-2-32-2,c-2-32-2.jpg,c,2,4321,31.6,81.42
406,c-2-32-3,c-2-32-3.jpg,c,2,4321,31.6,81.42
407,c-2-32-4,c-2-32-4.jpg,c,2,4321,31.6,81.42
408,c-2-33-1,c-2-33-1.jpg,c,2,4389,31.6,63.6546
409,c-2-33-2,c-2-33-2.jpg,c,2,4389,31.6,63.6546
410,c-2-33-3,c-2-33-3.jpg,c,2,4389,31.6,63.6546
411,c-2-33-4,c-2-33-4.jpg,c,2,4389,31.6,63.6546
412,c-2-34-1,c-2-34-1.jpg,c,2,4355,31.8,85.9908
413,c-2-34-2,c-2-34-2.jpg,c,2,4355,31.8,85.9908
414,c-2-34-3,c-2-34-3.jpg,c,2,4355,31.8,85.9908
415,c-2-34-4,c-2-34-4.jpg,c,2,4355,31.8,85.9908
416,c-2-35-1,c-2-35-1.jpg,c,2,4131,30.1,74.951
417,c-2-35-2,c-2-35-2.jpg,c,2,4131,30.1,74.951
418,c-2-35-3,c-2-35-3.jpg,c,2,4131,30.1,74.951
419,c-2-35-4,c-2-35-4.jpg,c,2,4131,30.1,74.951
420,c-3-3-1,c-3-3-1.jpg,c,3,2400,30.7,52.668
421,c-3-3-2,c-3-3-2.jpg,c,3,2400,30.7,52.668
422,c-3-3-3,c-3-3-3.jpg,c,3,2400,30.7,52.668
423,c-3-3-4,c-3-3-4.jpg,c,3,2400,30.7,52.668
424,c-3-4-1,c-3-4-1.jpg,c,3,2390,31.4,50.5938
425,c-3-4-2,c-3-4-2.jpg,c,3,2390,31.4,50.5938
426,c-3-4-3,c-3-4-3.jpg,c,3,2390,31.4,50.5938
427,c-3-4-4,c-3-4-4.jpg,c,3,2390,31.4,50.5938
428,c-3-5-1,c-3-5-1.jpg,c,3,2390,31.4,49.6822
429,c-3-5-2,c-3-5-2.jpg,c,3,2390,31.4,49.6822
430,c-3-5-3,c-3-5-3.jpg,c,3,2390,31.4,49.6822
431,c-3-5-4,c-3-5-4.jpg,c,3,2390,31.4,49.6822
432,c-3-6-1,c-3-6-1.jpg,c,3,2400,32,48.8033
433,c-3-6-2,c-3-6-2.jpg,c,3,2400,32,48.8033
434,c-3-6-3,c-3-6-3.jpg,c,3,2400,32,48.8033
435,c-3-6-4,c-3-6-4.jpg,c,3,2400,32,48.8033
436,c-3-7-1,c-3-7-1.jpg,c,3,2308,31.8,46.599
437,c-3-7-2,c-3-7-2.jpg,c,3,2308,31.8,46.599
438,c-3-7-3,c-3-7-3.jpg,c,3,2308,31.8,46.599
439,c-3-7-4,c-3-7-4.jpg,c,3,2308,31.8,46.599
440,c-3-9-1,c-3-9-1.jpg,c,3,2180,31,24.2852
441,c-3-9-2,c-3-9-2.jpg,c,3,2180,31,24.2852
442,c-3-9-3,c-3-9-3.jpg,c,3,2180,31,24.2852
443,c-3-9-4,c-3-9-4.jpg,c,3,2180,31,24.2852
444,c-3-11-1,c-3-11-1.jpg,c,3,1410,28,14.52
445,c-3-11-2,c-3-11-2.jpg,c,3,1410,28,14.52
446,c-3-11-3,c-3-11-3.jpg,c,3,1410,28,14.52
447,c-3-11-4,c-3-11-4.jpg,c,3,1410,28,14.52
448,c-3-12-1,c-3-12-1.jpg,c,3,1470,28,12.6266
449,c-3-12-2,c-3-12-2.jpg,c,3,1470,28,12.6266
450,c-3-12-3,c-3-12-3.jpg,c,3,1470,28,12.6266
451,c-3-12-4,c-3-12-4.jpg,c,3,1470,28,12.6266
452,c-3-16-1,c-3-16-1.jpg,c,3,1474,26,33.45
453,c-3-16-2,c-3-16-2.jpg,c,3,1474,26,33.45
454,c-3-16-3,c-3-16-3.jpg,c,3,1474,26,33.45
455,c-3-16-4,c-3-16-4.jpg,c,3,1474,26,33.45
456,c-3-20-1,c-3-20-1.jpg,c,3,1288,28,28.416
457,c-3-20-2,c-3-20-2.jpg,c,3,1288,28,28.416
458,c-3-20-3,c-3-20-3.jpg,c,3,1288,28,28.416
459,c-3-20-4,c-3-20-4.jpg,c,3,1288,28,28.416
460,c-3-21-1,c-3-21-1.jpg,c,3,1310,28,29.1927
461,c-3-21-2,c-3-21-2.jpg,c,3,1310,28,29.1927
462,c-3-21-3,c-3-21-3.jpg,c,3,1310,28,29.1927
463,c-3-21-4,c-3-21-4.jpg,c,3,1310,28,29.1927
464,c-3-26-1,c-3-26-1.jpg,c,3,1435,27.7,31.5
465,c-3-26-2,c-3-26-2.jpg,c,3,1435,27.7,31.5
466,c-3-26-3,c-3-26-3.jpg,c,3,1435,27.7,31.5
467,c-3-26-4,c-3-26-4.jpg,c,3,1435,27.7,31.5
468,c-3-27-1,c-3-27-1.jpg,c,3,1389,27.7,31.892
469,c-3-27-2,c-3-27-2.jpg,c,3,1389,27.7,31.892
470,c-3-27-3,c-3-27-3.jpg,c,3,1389,27.7,31.892
471,c-3-27-4,c-3-27-4.jpg,c,3,1389,27.7,31.892
472,c-3-28-1,c-3-28-1.jpg,c,3,1453,27.6,30.5102
473,c-3-28-2,c-3-28-2.jpg,c,3,1453,27.6,30.5102
474,c-3-28-3,c-3-28-3.jpg,c,3,1453,27.6,30.5102
475,c-3-28-4,c-3-28-4.jpg,c,3,1453,27.6,30.5102
476,c-3-29-1,c-3-29-1.jpg,c,3,1411,27.5,31.552
477,c-3-29-2,c-3-29-2.jpg,c,3,1411,27.5,31.552
478,c-3-29-3,c-3-29-3.jpg,c,3,1411,27.5,31.552
479,c-3-29-4,c-3-29-4.jpg,c,3,1411,27.5,31.552
480,c-3-30-1,c-3-30-1.jpg,c,3,1457,27.6,31.7016
481,c-3-30-2,c-3-30-2.jpg,c,3,1457,27.6,31.7016
482,c-3-30-3,c-3-30-3.jpg,c,3,1457,27.6,31.7016
483,c-3-30-4,c-3-30-4.jpg,c,3,1457,27.6,31.7016
484,c-3-31-1,c-3-31-1.jpg,c,3,1400,27.7,30.394
485,c-3-31-2,c-3-31-2.jpg,c,3,1400,27.7,30.394
486,c-3-31-3,c-3-31-3.jpg,c,3,1400,27.7,30.394
487,c-3-31-4,c-3-31-4.jpg,c,3,1400,27.7,30.394
488,c-3-32-1,c-3-32-1.jpg,c,3,1335,27.7,25.7409
489,c-3-32-2,c-3-32-2.jpg,c,3,1335,27.7,25.7409
490,c-3-32-3,c-3-32-3.jpg,c,3,1335,27.7,25.7409
491,c-3-32-4,c-3-32-4.jpg,c,3,1335,27.7,25.7409
492,c-3-33-1,c-3-33-1.jpg,c,3,1410,27.7,26.634
493,c-3-33-2,c-3-33-2.jpg,c,3,1410,27.7,26.634
494,c-3-33-3,c-3-33-3.jpg,c,3,1410,27.7,26.634
495,c-3-33-4,c-3-33-4.jpg,c,3,1410,27.7,26.634
496,c-3-34-1,c-3-34-1.jpg,c,3,1350,27.7,32.3036
497,c-3-34-2,c-3-34-2.jpg,c,3,1350,27.7,32.3036
498,c-3-34-3,c-3-34-3.jpg,c,3,1350,27.7,32.3036
499,c-3-34-4,c-3-34-4.jpg,c,3,1350,27.7,32.3036
500,c-3-35-1,c-3-35-1.jpg,c,3,1368,27.7,30.6636
501,c-3-35-2,c-3-35-2.jpg,c,3,1368,27.7,30.6636
502,c-3-35-3,c-3-35-3.jpg,c,3,1368,27.7,30.6636
503,c-3-35-4,c-3-35-4.jpg,c,3,1368,27.7,30.6636
504,s-1-3-1,s-1-3-1.jpg,s,1,1200,21.8,60.032
505,s-1-3-2,s-1-3-2.jpg,s,1,1200,21.8,60.032
506,s-1-3-3,s-1-3-3.jpg,s,1,1200,21.8,60.032
507,s-1-3-4,s-1-3-4.jpg,s,1,1200,21.8,60.032
508,s-1-4-1,s-1-4-1.jpg,s,1,1268,21.6,57.5652
509,s-1-4-2,s-1-4-2.jpg,s,1,1268,21.6,57.5652
510,s-1-4-3,s-1-4-3.jpg,s,1,1268,21.6,57.5652
511,s-1-4-4,s-1-4-4.jpg,s,1,1268,21.6,57.5652
512,s-1-5-1,s-1-5-1.jpg,s,1,1176,21.8,45.7026
513,s-1-5-2,s-1-5-2.jpg,s,1,1176,21.8,45.7026
514,s-1-5-3,s-1-5-3.jpg,s,1,1176,21.8,45.7026
515,s-1-5-4,s-1-5-4.jpg,s,1,1176,21.8,45.7026
516,s-1-6-1,s-1-6-1.jpg,s,1,1101,21.9,50.0808
517,s-1-6-2,s-1-6-2.jpg,s,1,1101,21.9,50.0808
518,s-1-6-3,s-1-6-3.jpg,s,1,1101,21.9,50.0808
519,s-1-6-4,s-1-6-4.jpg,s,1,1101,21.9,50.0808
520,s-1-7-1,s-1-7-1.jpg,s,1,1054,22,43.3422
521,s-1-7-2,s-1-7-2.jpg,s,1,1054,22,43.3422
522,s-1-7-3,s-1-7-3.jpg,s,1,1054,22,43.3422
523,s-1-7-4,s-1-7-4.jpg,s,1,1054,22,43.3422
524,s-1-9-1,s-1-9-1.jpg,s,1,1089,22,51.5403
525,s-1-9-2,s-1-9-2.jpg,s,1,1089,22,51.5403
526,s-1-9-3,s-1-9-3.jpg,s,1,1089,22,51.5403
527,s-1-9-4,s-1-9-4.jpg,s,1,1089,22,51.5403
528,s-1-11-1,s-1-11-1.jpg,s,1,1143,22.5,49.8576
529,s-1-11-2,s-1-11-2.jpg,s,1,1143,22.5,49.8576
530,s-1-11-3,s-1-11-3.jpg,s,1,1143,22.5,49.8576
531,s-1-11-4,s-1-11-4.jpg,s,1,1143,22.5,49.8576
532,s-1-12-1,s-1-12-1.jpg,s,1,1109,22.4,43.0542
533,s-1-12-2,s-1-12-2.jpg,s,1,1109,22.4,43.0542
534,s-1-12-3,s-1-12-3.jpg,s,1,1109,22.4,43.0542
535,s-1-12-4,s-1-12-4.jpg,s,1,1109,22.4,43.0542
536,s-1-16-1,s-1-16-1.jpg,s,1,1150,22.6,58.9815
537,s-1-16-2,s-1-16-2.jpg,s,1,1150,22.6,58.9815
538,s-1-16-3,s-1-16-3.jpg,s,1,1150,22.6,58.9815
539,s-1-16-4,s-1-16-4.jpg,s,1,1150,22.6,58.9815
540,s-1-20-1,s-1-20-1.jpg,s,1,1190,22.6,66.4989
541,s-1-20-2,s-1-20-2.jpg,s,1,1190,22.6,66.4989
542,s-1-20-3,s-1-20-3.jpg,s,1,1190,22.6,66.4989
543,s-1-20-4,s-1-20-4.jpg,s,1,1190,22.6,66.4989
544,s-1-21-1,s-1-21-1.jpg,s,1,1265,22.5,62.381
545,s-1-21-2,s-1-21-2.jpg,s,1,1265,22.5,62.381
546,s-1-21-3,s-1-21-3.jpg,s,1,1265,22.5,62.381
547,s-1-21-4,s-1-21-4.jpg,s,1,1265,22.5,62.381
548,s-1-26-1,s-1-26-1.jpg,s,1,1301,22.7,63.5495
549,s-1-26-2,s-1-26-2.jpg,s,1,1301,22.7,63.5495
550,s-1-26-3,s-1-26-3.jpg,s,1,1301,22.7,63.5495
551,s-1-26-4,s-1-26-4.jpg,s,1,1301,22.7,63.5495
552,s-1-27-1,s-1-27-1.jpg,s,1,1300,23,46.002
553,s-1-27-2,s-1-27-2.jpg,s,1,1300,23,46.002
554,s-1-27-3,s-1-27-3.jpg,s,1,1300,23,46.002
555,s-1-27-4,s-1-27-4.jpg,s,1,1300,23,46.002
556,s-1-28-1,s-1-28-1.jpg,s,1,1399,23.1,66.757
557,s-1-28-2,s-1-28-2.jpg,s,1,1399,23.1,66.757
558,s-1-28-3,s-1-28-3.jpg,s,1,1399,23.1,66.757
559,s-1-28-4,s-1-28-4.jpg,s,1,1399,23.1,66.757
560,s-1-29-1,s-1-29-1.jpg,s,1,1374,23.1,70.9836
561,s-1-29-2,s-1-29-2.jpg,s,1,1374,23.1,70.9836
562,s-1-29-3,s-1-29-3.jpg,s,1,1374,23.1,70.9836
563,s-1-29-4,s-1-29-4.jpg,s,1,1374,23.1,70.9836
564,s-1-30-1,s-1-30-1.jpg,s,1,1405,23.4,48.1312
565,s-1-30-2,s-1-30-2.jpg,s,1,1405,23.4,48.1312
566,s-1-30-3,s-1-30-3.jpg,s,1,1405,23.4,48.1312
567,s-1-30-4,s-1-30-4.jpg,s,1,1405,23.4,48.1312
568,s-1-31-1,s-1-31-1.jpg,s,1,1488,34.5,65.2896
569,s-1-31-2,s-1-31-2.jpg,s,1,1488,34.5,65.2896
570,s-1-31-3,s-1-31-3.jpg,s,1,1488,34.5,65.2896
571,s-1-31-4,s-1-31-4.jpg,s,1,1488,34.5,65.2896
572,s-1-32-1,s-1-32-1.jpg,s,1,1323,23.4,43.6373
573,s-1-32-2,s-1-32-2.jpg,s,1,1323,23.4,43.6373
574,s-1-32-3,s-1-32-3.jpg,s,1,1323,23.4,43.6373
575,s-1-32-4,s-1-32-4.jpg,s,1,1323,23.4,43.6373
576,s-1-33-1,s-1-33-1.jpg,s,1,1345,23.6,66.7966
577,s-1-33-2,s-1-33-2.jpg,s,1,1345,23.6,66.7966
578,s-1-33-3,s-1-33-3.jpg,s,1,1345,23.6,66.7966
579,s-1-33-4,s-1-33-4.jpg,s,1,1345,23.6,66.7966
580,s-1-34-1,s-1-34-1.jpg,s,1,1333,23.6,66.0528
581,s-1-34-2,s-1-34-2.jpg,s,1,1333,23.6,66.0528
582,s-1-34-3,s-1-34-3.jpg,s,1,1333,23.6,66.0528
583,s-1-34-4,s-1-34-4.jpg,s,1,1333,23.6,66.0528
584,s-1-35-1,s-1-35-1.jpg,s,1,1346,23.5,53.6028
585,s-1-35-2,s-1-35-2.jpg,s,1,1346,23.5,53.6028
586,s-1-35-3,s-1-35-3.jpg,s,1,1346,23.5,53.6028
587,s-1-35-4,s-1-35-4.jpg,s,1,1346,23.5,53.6028
588,s-2-3-1,s-2-3-1.jpg,s,2,1350,32,27.5
589,s-2-3-2,s-2-3-2.jpg,s,2,1350,32,27.5
590,s-2-3-3,s-2-3-3.jpg,s,2,1350,32,27.5
591,s-2-3-4,s-2-3-4.jpg,s,2,1350,32,27.5
592,s-2-4-1,s-2-4-1.jpg,s,2,1400,32.1,28.5348
593,s-2-4-2,s-2-4-2.jpg,s,2,1400,32.1,28.5348
594,s-2-4-3,s-2-4-3.jpg,s,2,1400,32.1,28.5348
595,s-2-4-4,s-2-4-4.jpg,s,2,1400,32.1,28.5348
596,s-2-5-1,s-2-5-1.jpg,s,2,1378,32.2,25.9718
597,s-2-5-2,s-2-5-2.jpg,s,2,1378,32.2,25.9718
598,s-2-5-3,s-2-5-3.jpg,s,2,1378,32.2,25.9718
599,s-2-5-4,s-2-5-4.jpg,s,2,1378,32.2,25.9718
600,s-2-6-1,s-2-6-1.jpg,s,2,1420,32.2,35.1936
601,s-2-6-2,s-2-6-2.jpg,s,2,1420,32.2,35.1936
602,s-2-6-3,s-2-6-3.jpg,s,2,1420,32.2,35.1936
603,s-2-6-4,s-2-6-4.jpg,s,2,1420,32.2,35.1936
604,s-2-7-1,s-2-7-1.jpg,s,2,1398,31.2,32.3136
605,s-2-7-2,s-2-7-2.jpg,s,2,1398,31.2,32.3136
606,s-2-7-3,s-2-7-3.jpg,s,2,1398,31.2,32.3136
607,s-2-7-4,s-2-7-4.jpg,s,2,1398,31.2,32.3136
608,s-2-9-1,s-2-9-1.jpg,s,2,1456,32.3,33.7783
609,s-2-9-2,s-2-9-2.jpg,s,2,1456,32.3,33.7783
610,s-2-9-3,s-2-9-3.jpg,s,2,1456,32.3,33.7783
611,s-2-9-4,s-2-9-4.jpg,s,2,1456,32.3,33.7783
612,s-2-11-1,s-2-11-1.jpg,s,2,1534,32.3,35.8488
613,s-2-11-2,s-2-11-2.jpg,s,2,1534,32.3,35.8488
614,s-2-11-3,s-2-11-3.jpg,s,2,1534,32.3,35.8488
615,s-2-11-4,s-2-11-4.jpg,s,2,1534,32.3,35.8488
616,s-2-12-1,s-2-12-1.jpg,s,2,1500,32,25.0208
617,s-2-12-2,s-2-12-2.jpg,s,2,1500,32,25.0208
618,s-2-12-3,s-2-12-3.jpg,s,2,1500,32,25.0208
619,s-2-12-4,s-2-12-4.jpg,s,2,1500,32,25.0208
620,s-2-16-1,s-2-16-1.jpg,s,2,1632,32.9,40.9756
621,s-2-16-2,s-2-16-2.jpg,s,2,1632,32.9,40.9756
622,s-2-16-3,s-2-16-3.jpg,s,2,1632,32.9,40.9756
623,s-2-16-4,s-2-16-4.jpg,s,2,1632,32.9,40.9756
624,s-2-20-1,s-2-20-1.jpg,s,2,1569,32.4,38.1634
625,s-2-20-2,s-2-20-2.jpg,s,2,1569,32.4,38.1634
626,s-2-20-3,s-2-20-3.jpg,s,2,1569,32.4,38.1634
627,s-2-20-4,s-2-20-4.jpg,s,2,1569,32.4,38.1634
628,s-2-21-1,s-2-21-1.jpg,s,2,1698,32.8,43.1222
629,s-2-21-2,s-2-21-2.jpg,s,2,1698,32.8,43.1222
630,s-2-21-3,s-2-21-3.jpg,s,2,1698,32.8,43.1222
631,s-2-21-4,s-2-21-4.jpg,s,2,1698,32.8,43.1222
672,s-3-3-1,s-3-3-1.jpg,s,3,1475,30.2,20.6894
673,s-3-3-2,s-3-3-2.jpg,s,3,1475,30.2,20.6894
674,s-3-3-3,s-3-3-3.jpg,s,3,1475,30.2,20.6894
675,s-3-3-4,s-3-3-4.jpg,s,3,1475,30.2,20.6894
676,s-3-4-1,s-3-4-1.jpg,s,3,1463,30.3,20.111
677,s-3-4-2,s-3-4-2.jpg,s,3,1463,30.3,20.111
679,s-3-4-4,s-3-4-4.jpg,s,3,1463,30.3,20.111
680,s-3-5-1,s-3-5-1.jpg,s,3,1514,30,20.6553
681,s-3-5-2,s-3-5-2.jpg,s,3,1514,30,20.6553
682,s-3-5-3,s-3-5-3.jpg,s,3,1514,30,20.6553
683,s-3-5-4,s-3-5-4.jpg,s,3,1514,30,20.6553
684,s-3-6-1,s-3-6-1.jpg,s,3,1450,30,21.052
685,s-3-6-2,s-3-6-2.jpg,s,3,1450,30,21.052
686,s-3-6-3,s-3-6-3.jpg,s,3,1450,30,21.052
687,s-3-6-4,s-3-6-4.jpg,s,3,1450,30,21.052
688,s-3-7-1,s-3-7-1.jpg,s,3,1495,31.2,19.998
689,s-3-7-2,s-3-7-2.jpg,s,3,1495,31.2,19.998
690,s-3-7-3,s-3-7-3.jpg,s,3,1495,31.2,19.998
691,s-3-7-4,s-3-7-4.jpg,s,3,1495,31.2,19.998
692,s-3-9-1,s-3-9-1.jpg,s,3,1460,30.1,19.7669
693,s-3-9-2,s-3-9-2.jpg,s,3,1460,30.1,19.7669
694,s-3-9-3,s-3-9-3.jpg,s,3,1460,30.1,19.7669
695,s-3-9-4,s-3-9-4.jpg,s,3,1460,30.1,19.7669
696,s-3-11-1,s-3-11-1.jpg,s,3,1398,30,18.26
697,s-3-11-2,s-3-11-2.jpg,s,3,1398,30,18.26
698,s-3-11-3,s-3-11-3.jpg,s,3,1398,30,18.26
699,s-3-11-4,s-3-11-4.jpg,s,3,1398,30,18.26
700,s-3-12-1,s-3-12-1.jpg,s,3,1380,29,19.624
701,s-3-12-2,s-3-12-2.jpg,s,3,1380,29,19.624
702,s-3-12-3,s-3-12-3.jpg,s,3,1380,29,19.624
703,s-3-12-4,s-3-12-4.jpg,s,3,1380,29,19.624
704,s-3-16-1,s-3-16-1.jpg,s,3,1340,28,18.04
705,s-3-16-2,s-3-16-2.jpg,s,3,1340,28,18.04
706,s-3-16-3,s-3-16-3.jpg,s,3,1340,28,18.04
707,s-3-16-4,s-3-16-4.jpg,s,3,1340,28,18.04
708,s-3-20-1,s-3-20-1.jpg,s,3,1365,28,17.8605
709,s-3-20-2,s-3-20-2.jpg,s,3,1365,28,17.8605
710,s-3-20-3,s-3-20-3.jpg,s,3,1365,28,17.8605
711,s-3-20-4,s-3-20-4.jpg,s,3,1365,28,17.8605
712,s-3-21-1,s-3-21-1.jpg,s,3,1290,28.2,18.3264
713,s-3-21-2,s-3-21-2.jpg,s,3,1290,28.2,18.3264
714,s-3-21-3,s-3-21-3.jpg,s,3,1290,28.2,18.3264
715,s-3-21-4,s-3-21-4.jpg,s,3,1290,28.2,18.3264
756,w-1-3-1,w-1-3-1.jpg,w,1,2750,28,27.612
757,w-1-3-2,w-1-3-2.jpg,w,1,2750,28,27.612
758,w-1-3-3,w-1-3-3.jpg,w,1,2750,28,27.612
759,w-1-3-4,w-1-3-4.jpg,w,1,2750,28,27.612
760,w-1-4-1,w-1-4-1.jpg,w,1,2765,28.1,28.06
761,w-1-4-2,w-1-4-2.jpg,w,1,2765,28.1,28.06
762,w-1-4-3,w-1-4-3.jpg,w,1,2765,28.1,28.06
763,w-1-4-4,w-1-4-4.jpg,w,1,2765,28.1,28.06
764,w-1-5-1,w-1-5-1.jpg,w,1,2790,28.2,30.03
765,w-1-5-2,w-1-5-2.jpg,w,1,2790,28.2,30.03
766,w-1-5-3,w-1-5-3.jpg,w,1,2790,28.2,30.03
767,w-1-5-4,w-1-5-4.jpg,w,1,2790,28.2,30.03
768,w-1-6-1,w-1-6-1.jpg,w,1,2800,29,32.2897
769,w-1-6-2,w-1-6-2.jpg,w,1,2800,29,32.2897
770,w-1-6-3,w-1-6-3.jpg,w,1,2800,29,32.2897
771,w-1-6-4,w-1-6-4.jpg,w,1,2800,29,32.2897
772,w-1-7-1,w-1-7-1.jpg,w,1,2850,29,30.9358
773,w-1-7-2,w-1-7-2.jpg,w,1,2850,29,30.9358
774,w-1-7-3,w-1-7-3.jpg,w,1,2850,29,30.9358
775,w-1-7-4,w-1-7-4.jpg,w,1,2850,29,30.9358
776,w-1-9-1,w-1-9-1.jpg,w,1,2800,29.2,30.29
777,w-1-9-2,w-1-9-2.jpg,w,1,2800,29.2,30.29
778,w-1-9-3,w-1-9-3.jpg,w,1,2800,29.2,30.29
779,w-1-9-4,w-1-9-4.jpg,w,1,2800,29.2,30.29
780,w-1-11-1,w-1-11-1.jpg,w,1,2795,29,31.482
781,w-1-11-2,w-1-11-2.jpg,w,1,2795,29,31.482
782,w-1-11-3,w-1-11-3.jpg,w,1,2795,29,31.482
783,w-1-11-4,w-1-11-4.jpg,w,1,2795,29,31.482
784,w-1-12-1,w-1-12-1.jpg,w,1,2890,29.4,32.058
785,w-1-12-2,w-1-12-2.jpg,w,1,2890,29.4,32.058
786,w-1-12-3,w-1-12-3.jpg,w,1,2890,29.4,32.058
787,w-1-12-4,w-1-12-4.jpg,w,1,2890,29.4,32.058
788,w-1-16-1,w-1-16-1.jpg,w,1,2900,29.5,32.3058
789,w-1-16-2,w-1-16-2.jpg,w,1,2900,29.5,32.3058
790,w-1-16-3,w-1-16-3.jpg,w,1,2900,29.5,32.3058
791,w-1-16-4,w-1-16-4.jpg,w,1,2900,29.5,32.3058
792,w-1-20-1,w-1-20-1.jpg,w,1,2900,29.5,31.1148
793,w-1-20-2,w-1-20-2.jpg,w,1,2900,29.5,31.1148
794,w-1-20-3,w-1-20-3.jpg,w,1,2900,29.5,31.1148
795,w-1-20-4,w-1-20-4.jpg,w,1,2900,29.5,31.1148
796,w-1-21-1,w-1-21-1.jpg,w,1,2950,29.6,32.1265
797,w-1-21-2,w-1-21-2.jpg,w,1,2950,29.6,32.1265
798,w-1-21-3,w-1-21-3.jpg,w,1,2950,29.6,32.1265
799,w-1-21-4,w-1-21-4.jpg,w,1,2950,29.6,32.1265
800,w-1-26-1,w-1-26-1.jpg,w,1,2975,29.8,32.7543
801,w-1-26-2,w-1-26-2.jpg,w,1,2975,29.8,32.7543
802,w-1-26-3,w-1-26-3.jpg,w,1,2975,29.8,32.7543
803,w-1-26-4,w-1-26-4.jpg,w,1,2975,29.8,32.7543
804,w-1-27-1,w-1-27-1.jpg,w,1,2990,29.8,36.8793
805,w-1-27-2,w-1-27-2.jpg,w,1,2990,29.8,36.8793
806,w-1-27-3,w-1-27-3.jpg,w,1,2990,29.8,36.8793
807,w-1-27-4,w-1-27-4.jpg,w,1,2990,29.8,36.8793
808,w-1-28-1,w-1-28-1.jpg,w,1,3012,29.9,35.5001
809,w-1-28-2,w-1-28-2.jpg,w,1,3012,29.9,35.5001
810,w-1-28-3,w-1-28-3.jpg,w,1,3012,29.9,35.5001
811,w-1-28-4,w-1-28-4.jpg,w,1,3012,29.9,35.5001
812,w-1-29-1,w-1-29-1.jpg,w,1,3030,29,37.76
813,w-1-29-2,w-1-29-2.jpg,w,1,3030,29,37.76
814,w-1-29-3,w-1-29-3.jpg,w,1,3030,29,37.76
815,w-1-29-4,w-1-29-4.jpg,w,1,3030,29,37.76
816,w-1-30-1,w-1-30-1.jpg,w,1,3080,29.5,37.2406
817,w-1-30-2,w-1-30-2.jpg,w,1,3080,29.5,37.2406
818,w-1-30-3,w-1-30-3.jpg,w,1,3080,29.5,37.2406
819,w-1-30-4,w-1-30-4.jpg,w,1,3080,29.5,37.2406
820,w-1-31-1,w-1-31-1.jpg,w,1,3111,29.5,33.4311
821,w-1-31-2,w-1-31-2.jpg,w,1,3111,29.5,33.4311
822,w-1-31-3,w-1-31-3.jpg,w,1,3111,29.5,33.4311
823,w-1-31-4,w-1-31-4.jpg,w,1,3111,29.5,33.4311
824,w-1-32-1,w-1-32-1.jpg,w,1,3120,29.6,37.168
825,w-1-32-2,w-1-32-2.jpg,w,1,3120,29.6,37.168
826,w-1-32-3,w-1-32-3.jpg,w,1,3120,29.6,37.168
827,w-1-32-4,w-1-32-4.jpg,w,1,3120,29.6,37.168
828,w-1-33-1,w-1-33-1.jpg,w,1,3170,29.6,33.6193
829,w-1-33-2,w-1-33-2.jpg,w,1,3170,29.6,33.6193
830,w-1-33-3,w-1-33-3.jpg,w,1,3170,29.6,33.6193
831,w-1-33-4,w-1-33-4.jpg,w,1,3170,29.6,33.6193
832,w-1-34-1,w-1-34-1.jpg,w,1,3190,29.5,33.988
833,w-1-34-2,w-1-34-2.jpg,w,1,3190,29.5,33.988
834,w-1-34-3,w-1-34-3.jpg,w,1,3190,29.5,33.988
835,w-1-34-4,w-1-34-4.jpg,w,1,3190,29.5,33.988
836,w-1-35-1,w-1-35-1.jpg,w,1,3190,29.5,33.988
837,w-1-35-2,w-1-35-2.jpg,w,1,3190,29.5,33.988
838,w-1-35-3,w-1-35-3.jpg,w,1,3190,29.5,33.988
839,w-1-35-4,w-1-35-4.jpg,w,1,3190,29.5,33.988
924,w-3-3-1,w-3-3-1.jpg,w,3,2650,27,36.288
925,w-3-3-2,w-3-3-2.jpg,w,3,2650,27,36.288
926,w-3-3-3,w-3-3-3.jpg,w,3,2650,27,36.288
927,w-3-3-4,w-3-3-4.jpg,w,3,2650,27,36.288
928,w-3-4-1,w-3-4-1.jpg,w,3,2670,27.8,36.9032
929,w-3-4-2,w-3-4-2.jpg,w,3,2670,27.8,36.9032
930,w-3-4-3,w-3-4-3.jpg,w,3,2670,27.8,36.9032
931,w-3-4-4,w-3-4-4.jpg,w,3,2670,27.8,36.9032
932,w-3-5-1,w-3-5-1.jpg,w,3,2550,27.8,36.7902
933,w-3-5-2,w-3-5-2.jpg,w,3,2550,27.8,36.7902
934,w-3-5-3,w-3-5-3.jpg,w,3,2550,27.8,36.7902
935,w-3-5-4,w-3-5-4.jpg,w,3,2550,27.8,36.7902
936,w-3-6-1,w-3-6-1.jpg,w,3,2500,27.6,36.272
937,w-3-6-2,w-3-6-2.jpg,w,3,2500,27.6,36.272
938,w-3-6-3,w-3-6-3.jpg,w,3,2500,27.6,36.272
939,w-3-6-4,w-3-6-4.jpg,w,3,2500,27.6,36.272
940,w-3-7-1,w-3-7-1.jpg,w,3,2589,27.6,38.8854
941,w-3-7-2,w-3-7-2.jpg,w,3,2589,27.6,38.8854
942,w-3-7-3,w-3-7-3.jpg,w,3,2589,27.6,38.8854
943,w-3-7-4,w-3-7-4.jpg,w,3,2589,27.6,38.8854
944,w-3-9-1,w-3-9-1.jpg,w,3,2598,27.7,40.454
945,w-3-9-2,w-3-9-2.jpg,w,3,2598,27.7,40.454
946,w-3-9-3,w-3-9-3.jpg,w,3,2598,27.7,40.454
947,w-3-9-4,w-3-9-4.jpg,w,3,2598,27.7,40.454
948,w-3-11-1,w-3-11-1.jpg,w,3,2600,27.9,36.336
949,w-3-11-2,w-3-11-2.jpg,w,3,2600,27.9,36.336
950,w-3-11-3,w-3-11-3.jpg,w,3,2600,27.9,36.336
951,w-3-11-4,w-3-11-4.jpg,w,3,2600,27.9,36.336
952,w-3-12-1,w-3-12-1.jpg,w,3,2601,27.9,40.8299
953,w-3-12-2,w-3-12-2.jpg,w,3,2601,27.9,40.8299
954,w-3-12-3,w-3-12-3.jpg,w,3,2601,27.9,40.8299
955,w-3-12-4,w-3-12-4.jpg,w,3,2601,27.9,40.8299
956,w-3-16-1,w-3-16-1.jpg,w,3,2589,27.5,37.6035
957,w-3-16-2,w-3-16-2.jpg,w,3,2589,27.5,37.6035
958,w-3-16-3,w-3-16-3.jpg,w,3,2589,27.5,37.6035
959,w-3-16-4,w-3-16-4.jpg,w,3,2589,27.5,37.6035
960,w-3-20-1,w-3-20-1.jpg,w,3,2578,27.6,38.3292
961,w-3-20-2,w-3-20-2.jpg,w,3,2578,27.6,38.3292
962,w-3-20-3,w-3-20-3.jpg,w,3,2578,27.6,38.3292
963,w-3-20-4,w-3-20-4.jpg,w,3,2578,27.6,38.3292
964,w-3-21-1,w-3-21-1.jpg,w,3,2604,27.4,42.845
965,w-3-21-2,w-3-21-2.jpg,w,3,2604,27.4,42.845
966,w-3-21-3,w-3-21-3.jpg,w,3,2604,27.4,42.845
967,w-3-21-4,w-3-21-4.jpg,w,3,2604,27.4,42.845
968,w-3-26-1,w-3-26-1.jpg,w,3,2630,27.6,41.514
969,w-3-26-2,w-3-26-2.jpg,w,3,2630,27.6,41.514
970,w-3-26-3,w-3-26-3.jpg,w,3,2630,27.6,41.514
971,w-3-26-4,w-3-26-4.jpg,w,3,2630,27.6,41.514
972,w-3-27-1,w-3-27-1.jpg,w,3,2654,27.7,40.5983
973,w-3-27-2,w-3-27-2.jpg,w,3,2654,27.7,40.5983
974,w-3-27-3,w-3-27-3.jpg,w,3,2654,27.7,40.5983
975,w-3-27-4,w-3-27-4.jpg,w,3,2654,27.7,40.5983
976,w-3-28-1,w-3-28-1.jpg,w,3,2630,27.6,40.0423
977,w-3-28-2,w-3-28-2.jpg,w,3,2630,27.6,40.0423
978,w-3-28-3,w-3-28-3.jpg,w,3,2630,27.6,40.0423
979,w-3-28-4,w-3-28-4.jpg,w,3,2630,27.6,40.0423
980,w-3-29-1,w-3-29-1.jpg,w,3,2698,27.8,37.7832
981,w-3-29-2,w-3-29-2.jpg,w,3,2698,27.8,37.7832
982,w-3-29-3,w-3-29-3.jpg,w,3,2698,27.8,37.7832
983,w-3-29-4,w-3-29-4.jpg,w,3,2698,27.8,37.7832
984,w-3-30-1,w-3-30-1.jpg,w,3,2688,27.8,39.1674
985,w-3-30-2,w-3-30-2.jpg,w,3,2688,27.8,39.1674
986,w-3-30-3,w-3-30-3.jpg,w,3,2688,27.8,39.1674
987,w-3-30-4,w-3-30-4.jpg,w,3,2688,27.8,39.1674
988,w-3-31-1,w-3-31-1.jpg,w,3,2701,27.9,36.6424
989,w-3-31-2,w-3-31-2.jpg,w,3,2701,27.9,36.6424
990,w-3-31-3,w-3-31-3.jpg,w,3,2701,27.9,36.6424
991,w-3-31-4,w-3-31-4.jpg,w,3,2701,27.9,36.6424
992,w-3-32-1,w-3-32-1.jpg,w,3,2699,27.8,37.9236
993,w-3-32-2,w-3-32-2.jpg,w,3,2699,27.8,37.9236
994,w-3-32-3,w-3-32-3.jpg,w,3,2699,27.8,37.9236
995,w-3-32-4,w-3-32-4.jpg,w,3,2699,27.8,37.9236
996,w-3-33-1,w-3-33-1.jpg,w,3,2589,27.5,37.267
997,w-3-33-2,w-3-33-2.jpg,w,3,2589,27.5,37.267
998,w-3-33-3,w-3-33-3.jpg,w,3,2589,27.5,37.267
999,w-3-33-4,w-3-33-4.jpg,w,3,2589,27.5,37.267
1000,w-3-34-1,w-3-34-1.jpg,w,3,2568,27.4,37.978
1001,w-3-34-2,w-3-34-2.jpg,w,3,2568,27.4,37.978
1002,w-3-34-3,w-3-34-3.jpg,w,3,2568,27.4,37.978
1003,w-3-34-4,w-3-34-4.jpg,w,3,2568,27.4,37.978
1004,w-3-35-1,w-3-35-1.jpg,w,3,2501,27.1,36.0126
1005,w-3-35-2,w-3-35-2.jpg,w,3,2501,27.1,36.0126
1006,w-3-35-3,w-3-35-3.jpg,w,3,2501,27.1,36.0126
1007,w-3-35-4,w-3-35-4.jpg,w,3,2501,27.1,36.0126
