panel_name,image_name,lebel,time,LUX,TEMP (Celcius),power
d-1-3-1,d-1-3-1.jpg,1,1,1350,27.0,23.4639
d-1-3-2,d-1-3-2.jpg,1,1,1350,27.0,23.4639
d-1-3-3,d-1-3-3.jpg,1,1,1350,27.0,23.4639
d-1-3-4,d-1-3-4.jpg,1,1,1350,27.0,23.4639
d-1-4-1,d-1-4-1.jpg,1,1,2380,27.1,22.2275
d-1-4-2,d-1-4-2.jpg,1,1,2380,27.1,22.2275
d-1-4-3,d-1-4-3.jpg,1,1,2380,27.1,22.2275
d-1-4-4,d-1-4-4.jpg,1,1,2380,27.1,22.2275
d-1-5-1,d-1-5-1.jpg,1,1,1460,27.3,26.9468
d-1-5-2,d-1-5-2.jpg,1,1,1460,27.3,26.9468
d-1-5-3,d-1-5-3.jpg,1,1,1460,27.3,26.9468
d-1-5-4,d-1-5-4.jpg,1,1,1460,27.3,26.9468
d-1-6-1,d-1-6-1.jpg,1,1,1430,27.5,26.77
d-1-6-2,d-1-6-2.jpg,1,1,1430,27.5,26.77
d-1-6-3,d-1-6-3.jpg,1,1,1430,27.5,26.77
d-1-6-4,d-1-6-4.jpg,1,1,1430,27.5,26.77
d-1-7-1,d-1-7-1.jpg,1,1,1433,27.7,28.1736
d-1-7-2,d-1-7-2.jpg,1,1,1433,27.7,28.1736
d-1-7-3,d-1-7-3.jpg,1,1,1433,27.7,28.1736
d-1-7-4,d-1-7-4.jpg,1,1,1433,27.7,28.1736
d-1-9-1,d-1-9-1.jpg,1,1,1495,27.4,30.0921
d-1-9-2,d-1-9-2.jpg,1,1,1495,27.4,30.0921
d-1-9-3,d-1-9-3.jpg,1,1,1495,27.4,30.0921
d-1-9-4,d-1-9-4.jpg,1,1,1495,27.4,30.0921
d-1-11-1,d-1-11-1.jpg,1,1,1670,27.3,30.3856
d-1-11-2,d-1-11-2.jpg,1,1,1670,27.3,30.3856
d-1-11-3,d-1-11-3.jpg,1,1,1670,27.3,30.3856
d-1-11-4,d-1-11-4.jpg,1,1,1670,27.3,30.3856
d-1-12-1,d-1-12-1.jpg,1,1,1630,26.9,27.5298
d-1-12-2,d-1-12-2.jpg,1,1,1630,26.9,27.5298
d-1-12-3,d-1-12-3.jpg,1,1,1630,26.9,27.5298
d-1-12-4,d-1-12-4.jpg,1,1,1630,26.9,27.5298
d-1-16-1,d-1-16-1.jpg,1,1,2200,26.6,34.974000000000004
d-1-16-2,d-1-16-2.jpg,1,1,2200,26.6,34.974000000000004
d-1-16-3,d-1-16-3.jpg,1,1,2200,26.6,34.974000000000004
d-1-16-4,d-1-16-4.jpg,1,1,2200,26.6,34.974000000000004
d-1-20-1,d-1-20-1.jpg,1,1,2380,26.2,28.336
d-1-20-2,d-1-20-2.jpg,1,1,2380,26.2,28.336
d-1-20-3,d-1-20-3.jpg,1,1,2380,26.2,28.336
d-1-20-4,d-1-20-4.jpg,1,1,2380,26.2,28.336
d-1-21-1,d-1-21-1.jpg,1,1,2250,27.3,34.8864
d-1-21-2,d-1-21-2.jpg,1,1,2250,27.3,34.8864
d-1-21-3,d-1-21-3.jpg,1,1,2250,27.3,34.8864
d-1-21-4,d-1-21-4.jpg,1,1,2250,27.3,34.8864
d-1-26-1,d-1-26-1.jpg,1,1,2250,27.2,32.4864
d-1-26-2,d-1-26-2.jpg,1,1,2250,27.2,32.4864
d-1-26-3,d-1-26-3.jpg,1,1,2250,27.2,32.4864
d-1-26-4,d-1-26-4.jpg,1,1,2250,27.2,32.4864
d-1-27-1,d-1-27-1.jpg,1,1,2878,27.2,29.7999
d-1-27-2,d-1-27-2.jpg,1,1,2878,27.2,29.7999
d-1-27-3,d-1-27-3.jpg,1,1,2878,27.2,29.7999
d-1-27-4,d-1-27-4.jpg,1,1,2878,27.2,29.7999
d-1-28-1,d-1-28-1.jpg,1,1,2767,27.0,34.5168
d-1-28-2,d-1-28-2.jpg,1,1,2767,27.0,34.5168
d-1-28-3,d-1-28-3.jpg,1,1,2767,27.0,34.5168
d-1-28-4,d-1-28-4.jpg,1,1,2767,27.0,34.5168
d-1-29-1,d-1-29-1.jpg,1,1,2942,26.0,34.476000000000006
d-1-29-2,d-1-29-2.jpg,1,1,2942,26.0,34.476000000000006
d-1-29-3,d-1-29-3.jpg,1,1,2942,26.0,34.476000000000006
d-1-29-4,d-1-29-4.jpg,1,1,2942,26.0,34.476000000000006
d-1-30-1,d-1-30-1.jpg,1,1,3158,25.5,43.86
d-1-30-2,d-1-30-2.jpg,1,1,3158,25.5,43.86
d-1-30-3,d-1-30-3.jpg,1,1,3158,25.5,43.86
d-1-30-4,d-1-30-4.jpg,1,1,3158,25.5,43.86
d-1-31-1,d-1-31-1.jpg,1,1,3155,25.2,40.624500000000005
d-1-31-2,d-1-31-2.jpg,1,1,3155,25.2,40.624500000000005
d-1-31-3,d-1-31-3.jpg,1,1,3155,25.2,40.624500000000005
d-1-31-4,d-1-31-4.jpg,1,1,3155,25.2,40.624500000000005
d-1-32-1,d-1-32-1.jpg,1,1,3208,25.3,34.1968
d-1-32-2,d-1-32-2.jpg,1,1,3208,25.3,34.1968
d-1-32-3,d-1-32-3.jpg,1,1,3208,25.3,34.1968
d-1-32-4,d-1-32-4.jpg,1,1,3208,25.3,34.1968
d-1-33-1,d-1-33-1.jpg,1,1,3220,25.2,25.0488
d-1-33-2,d-1-33-2.jpg,1,1,3220,25.2,25.0488
d-1-33-3,d-1-33-3.jpg,1,1,3220,25.2,25.0488
d-1-33-4,d-1-33-4.jpg,1,1,3220,25.2,25.0488
d-1-34-1,d-1-34-1.jpg,1,1,2927,25.7,35.924
d-1-34-2,d-1-34-2.jpg,1,1,2927,25.7,35.924
d-1-34-3,d-1-34-3.jpg,1,1,2927,25.7,35.924
d-1-34-4,d-1-34-4.jpg,1,1,2927,25.7,35.924
d-1-35-1,d-1-35-1.jpg,1,1,2967,26.1,41.565
d-1-35-2,d-1-35-2.jpg,1,1,2967,26.1,41.565
d-1-35-3,d-1-35-3.jpg,1,1,2967,26.1,41.565
d-1-35-4,d-1-35-4.jpg,1,1,2967,26.1,41.565
d-2-3-1,d-2-3-1.jpg,1,2,3063,25.7,64.1355
d-2-3-2,d-2-3-2.jpg,1,2,3063,25.7,64.1355
d-2-3-3,d-2-3-3.jpg,1,2,3063,25.7,64.1355
d-2-3-4,d-2-3-4.jpg,1,2,3063,25.7,64.1355
d-2-4-1,d-2-4-1.jpg,1,2,3195,26.5,48.672
d-2-4-2,d-2-4-2.jpg,1,2,3195,26.5,48.672
d-2-4-3,d-2-4-3.jpg,1,2,3195,26.5,48.672
d-2-4-4,d-2-4-4.jpg,1,2,3195,26.5,48.672
d-2-5-1,d-2-5-1.jpg,1,2,2940,26.8,62.208000000000006
d-2-5-2,d-2-5-2.jpg,1,2,2940,26.8,62.208000000000006
d-2-5-3,d-2-5-3.jpg,1,2,2940,26.8,62.208000000000006
d-2-5-4,d-2-5-4.jpg,1,2,2940,26.8,62.208000000000006
d-2-6-1,d-2-6-1.jpg,1,2,2597,27.0,49.8225
d-2-6-2,d-2-6-2.jpg,1,2,2597,27.0,49.8225
d-2-6-3,d-2-6-3.jpg,1,2,2597,27.0,49.8225
d-2-6-4,d-2-6-4.jpg,1,2,2597,27.0,49.8225
d-2-7-1,d-2-7-1.jpg,1,2,3023,28.7,50.4108
d-2-7-2,d-2-7-2.jpg,1,2,3023,28.7,50.4108
d-2-7-3,d-2-7-3.jpg,1,2,3023,28.7,50.4108
d-2-7-4,d-2-7-4.jpg,1,2,3023,28.7,50.4108
d-2-9-1,d-2-9-1.jpg,1,2,3134,30.3,48.863800000000005
d-2-9-2,d-2-9-2.jpg,1,2,3134,30.3,48.863800000000005
d-2-9-3,d-2-9-3.jpg,1,2,3134,30.3,48.863800000000005
d-2-9-4,d-2-9-4.jpg,1,2,3134,30.3,48.863800000000005
d-2-11-1,d-2-11-1.jpg,1,2,2660,31.2,45.5679
d-2-11-2,d-2-11-2.jpg,1,2,2660,31.2,45.5679
d-2-11-3,d-2-11-3.jpg,1,2,2660,31.2,45.5679
d-2-11-4,d-2-11-4.jpg,1,2,2660,31.2,45.5679
d-2-12-1,d-2-12-1.jpg,1,2,2903,32.4,44.0664
d-2-12-2,d-2-12-2.jpg,1,2,2903,32.4,44.0664
d-2-12-3,d-2-12-3.jpg,1,2,2903,32.4,44.0664
d-2-12-4,d-2-12-4.jpg,1,2,2903,32.4,44.0664
d-2-16-1,d-2-16-1.jpg,1,2,3112,32.9,52.3152
d-2-16-2,d-2-16-2.jpg,1,2,3112,32.9,52.3152
d-2-16-3,d-2-16-3.jpg,1,2,3112,32.9,52.3152
d-2-16-4,d-2-16-4.jpg,1,2,3112,32.9,52.3152
d-2-20-1,d-2-20-1.jpg,1,2,3075,33.3,49.8932
d-2-20-2,d-2-20-2.jpg,1,2,3075,33.3,49.8932
d-2-20-3,d-2-20-3.jpg,1,2,3075,33.3,49.8932
d-2-20-4,d-2-20-4.jpg,1,2,3075,33.3,49.8932
d-2-21-1,d-2-21-1.jpg,1,2,3155,33.5,65.529
d-2-21-2,d-2-21-2.jpg,1,2,3155,33.5,65.529
d-2-21-3,d-2-21-3.jpg,1,2,3155,33.5,65.529
d-2-21-4,d-2-21-4.jpg,1,2,3155,33.5,65.529
d-2-26-1,d-2-26-1.jpg,1,2,3719,33.8,49.1232
d-2-26-2,d-2-26-2.jpg,1,2,3719,33.8,49.1232
d-2-26-3,d-2-26-3.jpg,1,2,3719,33.8,49.1232
d-2-26-4,d-2-26-4.jpg,1,2,3719,33.8,49.1232
d-2-27-1,d-2-27-1.jpg,1,2,3439,33.7,50.2389
d-2-27-2,d-2-27-2.jpg,1,2,3439,33.7,50.2389
d-2-27-3,d-2-27-3.jpg,1,2,3439,33.7,50.2389
d-2-27-4,d-2-27-4.jpg,1,2,3439,33.7,50.2389
d-2-28-1,d-2-28-1.jpg,1,2,3183,33.0,48.8631
d-2-28-2,d-2-28-2.jpg,1,2,3183,33.0,48.8631
d-2-28-3,d-2-28-3.jpg,1,2,3183,33.0,48.8631
d-2-28-4,d-2-28-4.jpg,1,2,3183,33.0,48.8631
d-2-29-1,d-2-29-1.jpg,1,2,3636,32.5,47.4825
d-2-29-2,d-2-29-2.jpg,1,2,3636,32.5,47.4825
d-2-29-3,d-2-29-3.jpg,1,2,3636,32.5,47.4825
d-2-29-4,d-2-29-4.jpg,1,2,3636,32.5,47.4825
d-2-30-1,d-2-30-1.jpg,1,2,3516,32.2,50.752
d-2-30-2,d-2-30-2.jpg,1,2,3516,32.2,50.752
d-2-30-3,d-2-30-3.jpg,1,2,3516,32.2,50.752
d-2-30-4,d-2-30-4.jpg,1,2,3516,32.2,50.752
d-2-31-1,d-2-31-1.jpg,1,2,3402,32.0,49.81680000000001
d-2-31-2,d-2-31-2.jpg,1,2,3402,32.0,49.81680000000001
d-2-31-3,d-2-31-3.jpg,1,2,3402,32.0,49.81680000000001
d-2-31-4,d-2-31-4.jpg,1,2,3402,32.0,49.81680000000001
d-2-32-1,d-2-32-1.jpg,1,2,3294,32.0,40.4542
d-2-32-2,d-2-32-2.jpg,1,2,3294,32.0,40.4542
d-2-32-3,d-2-32-3.jpg,1,2,3294,32.0,40.4542
d-2-32-4,d-2-32-4.jpg,1,2,3294,32.0,40.4542
d-2-33-1,d-2-33-1.jpg,1,2,2992,31.9,39.9832
d-2-33-2,d-2-33-2.jpg,1,2,2992,31.9,39.9832
d-2-33-3,d-2-33-3.jpg,1,2,2992,31.9,39.9832
d-2-33-4,d-2-33-4.jpg,1,2,2992,31.9,39.9832
d-2-34-1,d-2-34-1.jpg,1,2,2775,31.9,50.4494
d-2-34-2,d-2-34-2.jpg,1,2,2775,31.9,50.4494
d-2-34-3,d-2-34-3.jpg,1,2,2775,31.9,50.4494
d-2-34-4,d-2-34-4.jpg,1,2,2775,31.9,50.4494
d-2-35-1,d-2-35-1.jpg,1,2,3414,31.9,50.715
d-2-35-2,d-2-35-2.jpg,1,2,3414,31.9,50.715
d-2-35-3,d-2-35-3.jpg,1,2,3414,31.9,50.715
d-2-35-4,d-2-35-4.jpg,1,2,3414,31.9,50.715
d-3-3-1,d-3-3-1.jpg,1,3,2460,25.3,6.309900000000001
d-3-3-2,d-3-3-2.jpg,1,3,2460,25.3,6.309900000000001
d-3-3-3,d-3-3-3.jpg,1,3,2460,25.3,6.309900000000001
d-3-3-4,d-3-3-4.jpg,1,3,2460,25.3,6.309900000000001
d-3-4-1,d-3-4-1.jpg,1,3,2423,25.3,5.1502
d-3-4-2,d-3-4-2.jpg,1,3,2423,25.3,5.1502
d-3-4-3,d-3-4-3.jpg,1,3,2423,25.3,5.1502
d-3-4-4,d-3-4-4.jpg,1,3,2423,25.3,5.1502
d-3-5-1,d-3-5-1.jpg,1,3,2323,25.4,4.676
d-3-5-2,d-3-5-2.jpg,1,3,2323,25.4,4.676
d-3-5-3,d-3-5-3.jpg,1,3,2323,25.4,4.676
d-3-5-4,d-3-5-4.jpg,1,3,2323,25.4,4.676
d-3-6-1,d-3-6-1.jpg,1,3,2268,25.4,5.5848
d-3-6-2,d-3-6-2.jpg,1,3,2268,25.4,5.5848
d-3-6-3,d-3-6-3.jpg,1,3,2268,25.4,5.5848
d-3-6-4,d-3-6-4.jpg,1,3,2268,25.4,5.5848
d-3-7-1,d-3-7-1.jpg,1,3,2144,25.4,5.8125
d-3-7-2,d-3-7-2.jpg,1,3,2144,25.4,5.8125
d-3-7-3,d-3-7-3.jpg,1,3,2144,25.4,5.8125
d-3-7-4,d-3-7-4.jpg,1,3,2144,25.4,5.8125
d-3-9-1,d-3-9-1.jpg,1,3,2128,25.2,4.4156
d-3-9-2,d-3-9-2.jpg,1,3,2128,25.2,4.4156
d-3-9-3,d-3-9-3.jpg,1,3,2128,25.2,4.4156
d-3-9-4,d-3-9-4.jpg,1,3,2128,25.2,4.4156
d-3-11-1,d-3-11-1.jpg,1,3,1640,24.8,2.7768
d-3-11-2,d-3-11-2.jpg,1,3,1640,24.8,2.7768
d-3-11-3,d-3-11-3.jpg,1,3,1640,24.8,2.7768
d-3-11-4,d-3-11-4.jpg,1,3,1640,24.8,2.7768
d-3-12-1,d-3-12-1.jpg,1,3,1631,24.8,2.0763
d-3-12-2,d-3-12-2.jpg,1,3,1631,24.8,2.0763
d-3-12-3,d-3-12-3.jpg,1,3,1631,24.8,2.0763
d-3-12-4,d-3-12-4.jpg,1,3,1631,24.8,2.0763
d-3-16-1,d-3-16-1.jpg,1,3,1852,24.7,2.772
d-3-16-2,d-3-16-2.jpg,1,3,1852,24.7,2.772
d-3-16-3,d-3-16-3.jpg,1,3,1852,24.7,2.772
d-3-16-4,d-3-16-4.jpg,1,3,1852,24.7,2.772
d-3-20-1,d-3-20-1.jpg,1,3,1422,24.5,5.06
d-3-20-2,d-3-20-2.jpg,1,3,1422,24.5,5.06
d-3-20-3,d-3-20-3.jpg,1,3,1422,24.5,5.06
d-3-20-4,d-3-20-4.jpg,1,3,1422,24.5,5.06
d-3-21-1,d-3-21-1.jpg,1,3,1350,24.5,4.1364
d-3-21-2,d-3-21-2.jpg,1,3,1350,24.5,4.1364
d-3-21-3,d-3-21-3.jpg,1,3,1350,24.5,4.1364
d-3-21-4,d-3-21-4.jpg,1,3,1350,24.5,4.1364
d-3-26-1,d-3-26-1.jpg,1,3,1166,24.4,3.8947
d-3-26-2,d-3-26-2.jpg,1,3,1166,24.4,3.8947
d-3-26-3,d-3-26-3.jpg,1,3,1166,24.4,3.8947
d-3-26-4,d-3-26-4.jpg,1,3,1166,24.4,3.8947
d-3-27-1,d-3-27-1.jpg,1,3,1082,24.5,5.472
d-3-27-2,d-3-27-2.jpg,1,3,1082,24.5,5.472
d-3-27-3,d-3-27-3.jpg,1,3,1082,24.5,5.472
d-3-27-4,d-3-27-4.jpg,1,3,1082,24.5,5.472
d-3-28-1,d-3-28-1.jpg,1,3,710,26.5,5.005
d-3-28-2,d-3-28-2.jpg,1,3,710,26.5,5.005
d-3-28-3,d-3-28-3.jpg,1,3,710,26.5,5.005
d-3-28-4,d-3-28-4.jpg,1,3,710,26.5,5.005
d-3-29-1,d-3-29-1.jpg,1,3,707,24.5,4.3206
d-3-29-2,d-3-29-2.jpg,1,3,707,24.5,4.3206
d-3-29-3,d-3-29-3.jpg,1,3,707,24.5,4.3206
d-3-29-4,d-3-29-4.jpg,1,3,707,24.5,4.3206
d-3-30-1,d-3-30-1.jpg,1,3,660,24.5,4.3168
d-3-30-2,d-3-30-2.jpg,1,3,660,24.5,4.3168
d-3-30-3,d-3-30-3.jpg,1,3,660,24.5,4.3168
d-3-30-4,d-3-30-4.jpg,1,3,660,24.5,4.3168
d-3-31-1,d-3-31-1.jpg,1,3,629,24.5,4.767
d-3-31-2,d-3-31-2.jpg,1,3,629,24.5,4.767
d-3-31-3,d-3-31-3.jpg,1,3,629,24.5,4.767
d-3-31-4,d-3-31-4.jpg,1,3,629,24.5,4.767
d-3-32-1,d-3-32-1.jpg,1,3,594,24.5,4.0626
d-3-32-2,d-3-32-2.jpg,1,3,594,24.5,4.0626
d-3-32-3,d-3-32-3.jpg,1,3,594,24.5,4.0626
d-3-32-4,d-3-32-4.jpg,1,3,594,24.5,4.0626
d-3-33-1,d-3-33-1.jpg,1,3,587,24.5,2.3595
d-3-33-2,d-3-33-2.jpg,1,3,587,24.5,2.3595
d-3-33-3,d-3-33-3.jpg,1,3,587,24.5,2.3595
d-3-33-4,d-3-33-4.jpg,1,3,587,24.5,2.3595
d-3-34-1,d-3-34-1.jpg,1,3,584,24.5,2.436
d-3-34-2,d-3-34-2.jpg,1,3,584,24.5,2.436
d-3-34-3,d-3-34-3.jpg,1,3,584,24.5,2.436
d-3-34-4,d-3-34-4.jpg,1,3,584,24.5,2.436
d-3-35-1,d-3-35-1.jpg,1,3,572,24.5,2.9708
d-3-35-2,d-3-35-2.jpg,1,3,572,24.5,2.9708
d-3-35-3,d-3-35-3.jpg,1,3,572,24.5,2.9708
d-3-35-4,d-3-35-4.jpg,1,3,572,24.5,2.9708
c-2-3-1,c-2-3-1.jpg,0,2,4215,27.7,91.4751
c-2-3-2,c-2-3-2.jpg,0,2,4215,27.7,91.4751
c-2-3-3,c-2-3-3.jpg,0,2,4215,27.7,91.4751
c-2-3-4,c-2-3-4.jpg,0,2,4215,27.7,91.4751
c-2-4-1,c-2-4-1.jpg,0,2,4050,27.6,73.3148
c-2-4-2,c-2-4-2.jpg,0,2,4050,27.6,73.3148
c-2-4-3,c-2-4-3.jpg,0,2,4050,27.6,73.3148
c-2-4-4,c-2-4-4.jpg,0,2,4050,27.6,73.3148
c-2-5-1,c-2-5-1.jpg,0,2,4120,27.7,82.8504
c-2-5-2,c-2-5-2.jpg,0,2,4120,27.7,82.8504
c-2-5-3,c-2-5-3.jpg,0,2,4120,27.7,82.8504
c-2-5-4,c-2-5-4.jpg,0,2,4120,27.7,82.8504
c-2-6-1,c-2-6-1.jpg,0,2,3947,28.2,74.7684
c-2-6-2,c-2-6-2.jpg,0,2,3947,28.2,74.7684
c-2-6-3,c-2-6-3.jpg,0,2,3947,28.2,74.7684
c-2-6-4,c-2-6-4.jpg,0,2,3947,28.2,74.7684
c-2-7-1,c-2-7-1.jpg,0,2,3969,28.5,80.23140000000001
c-2-7-2,c-2-7-2.jpg,0,2,3969,28.5,80.23140000000001
c-2-7-3,c-2-7-3.jpg,0,2,3969,28.5,80.23140000000001
c-2-7-4,c-2-7-4.jpg,0,2,3969,28.5,80.23140000000001
c-2-9-1,c-2-9-1.jpg,0,2,3842,30.1,74.03999999999999
c-2-9-2,c-2-9-2.jpg,0,2,3842,30.1,74.03999999999999
c-2-9-3,c-2-9-3.jpg,0,2,3842,30.1,74.03999999999999
c-2-9-4,c-2-9-4.jpg,0,2,3842,30.1,74.03999999999999
c-2-11-1,c-2-11-1.jpg,0,2,3911,30.0,73.656
c-2-11-2,c-2-11-2.jpg,0,2,3911,30.0,73.656
c-2-11-3,c-2-11-3.jpg,0,2,3911,30.0,73.656
c-2-11-4,c-2-11-4.jpg,0,2,3911,30.0,73.656
c-2-12-1,c-2-12-1.jpg,0,2,4077,30.0,81.279
c-2-12-2,c-2-12-2.jpg,0,2,4077,30.0,81.279
c-2-12-3,c-2-12-3.jpg,0,2,4077,30.0,81.279
c-2-12-4,c-2-12-4.jpg,0,2,4077,30.0,81.279
c-2-16-1,c-2-16-1.jpg,0,2,4486,31.0,86.652
c-2-16-2,c-2-16-2.jpg,0,2,4486,31.0,86.652
c-2-16-3,c-2-16-3.jpg,0,2,4486,31.0,86.652
c-2-16-4,c-2-16-4.jpg,0,2,4486,31.0,86.652
c-2-20-1,c-2-20-1.jpg,0,2,4049,30.2,85.99499999999999
c-2-20-2,c-2-20-2.jpg,0,2,4049,30.2,85.99499999999999
c-2-20-3,c-2-20-3.jpg,0,2,4049,30.2,85.99499999999999
c-2-20-4,c-2-20-4.jpg,0,2,4049,30.2,85.99499999999999
c-2-21-1,c-2-21-1.jpg,0,2,4240,30.0,87.5268
c-2-21-2,c-2-21-2.jpg,0,2,4240,30.0,87.5268
c-2-21-3,c-2-21-3.jpg,0,2,4240,30.0,87.5268
c-2-21-4,c-2-21-4.jpg,0,2,4240,30.0,87.5268
c-2-26-1,c-2-26-1.jpg,0,2,4480,30.6,79.8969
c-2-26-2,c-2-26-2.jpg,0,2,4480,30.6,79.8969
c-2-26-3,c-2-26-3.jpg,0,2,4480,30.6,79.8969
c-2-26-4,c-2-26-4.jpg,0,2,4480,30.6,79.8969
c-2-27-1,c-2-27-1.jpg,0,2,4013,30.3,75.3685
c-2-27-2,c-2-27-2.jpg,0,2,4013,30.3,75.3685
c-2-27-3,c-2-27-3.jpg,0,2,4013,30.3,75.3685
c-2-27-4,c-2-27-4.jpg,0,2,4013,30.3,75.3685
c-2-28-1,c-2-28-1.jpg,0,2,4239,30.5,72.265
c-2-28-2,c-2-28-2.jpg,0,2,4239,30.5,72.265
c-2-28-3,c-2-28-3.jpg,0,2,4239,30.5,72.265
c-2-28-4,c-2-28-4.jpg,0,2,4239,30.5,72.265
c-2-29-1,c-2-29-1.jpg,0,2,4377,30.8,84.6558
c-2-29-2,c-2-29-2.jpg,0,2,4377,30.8,84.6558
c-2-29-3,c-2-29-3.jpg,0,2,4377,30.8,84.6558
c-2-29-4,c-2-29-4.jpg,0,2,4377,30.8,84.6558
c-2-30-1,c-2-30-1.jpg,0,2,4409,31.1,94.848
c-2-30-2,c-2-30-2.jpg,0,2,4409,31.1,94.848
c-2-30-3,c-2-30-3.jpg,0,2,4409,31.1,94.848
c-2-30-4,c-2-30-4.jpg,0,2,4409,31.1,94.848
c-2-31-1,c-2-31-1.jpg,0,2,4411,31.2,90.7537
c-2-31-2,c-2-31-2.jpg,0,2,4411,31.2,90.7537
c-2-31-3,c-2-31-3.jpg,0,2,4411,31.2,90.7537
c-2-31-4,c-2-31-4.jpg,0,2,4411,31.2,90.7537
c-2-32-1,c-2-32-1.jpg,0,2,4321,31.6,81.42
c-2-32-2,c-2-32-2.jpg,0,2,4321,31.6,81.42
c-2-32-3,c-2-32-3.jpg,0,2,4321,31.6,81.42
c-2-32-4,c-2-32-4.jpg,0,2,4321,31.6,81.42
c-2-33-1,c-2-33-1.jpg,0,2,4389,31.6,63.6546
c-2-33-2,c-2-33-2.jpg,0,2,4389,31.6,63.6546
c-2-33-3,c-2-33-3.jpg,0,2,4389,31.6,63.6546
c-2-33-4,c-2-33-4.jpg,0,2,4389,31.6,63.6546
c-2-34-1,c-2-34-1.jpg,0,2,4355,31.8,85.99080000000001
c-2-34-2,c-2-34-2.jpg,0,2,4355,31.8,85.99080000000001
c-2-34-3,c-2-34-3.jpg,0,2,4355,31.8,85.99080000000001
c-2-34-4,c-2-34-4.jpg,0,2,4355,31.8,85.99080000000001
c-2-35-1,c-2-35-1.jpg,0,2,4131,30.1,74.95100000000001
c-2-35-2,c-2-35-2.jpg,0,2,4131,30.1,74.95100000000001
c-2-35-3,c-2-35-3.jpg,0,2,4131,30.1,74.95100000000001
c-2-35-4,c-2-35-4.jpg,0,2,4131,30.1,74.95100000000001
c-3-3-1,c-3-3-1.jpg,0,3,2400,30.7,52.668000000000006
c-3-3-2,c-3-3-2.jpg,0,3,2400,30.7,52.668000000000006
c-3-3-3,c-3-3-3.jpg,0,3,2400,30.7,52.668000000000006
c-3-3-4,c-3-3-4.jpg,0,3,2400,30.7,52.668000000000006
c-3-4-1,c-3-4-1.jpg,0,3,2390,31.4,50.5938
c-3-4-2,c-3-4-2.jpg,0,3,2390,31.4,50.5938
c-3-4-3,c-3-4-3.jpg,0,3,2390,31.4,50.5938
c-3-4-4,c-3-4-4.jpg,0,3,2390,31.4,50.5938
c-3-5-1,c-3-5-1.jpg,0,3,2390,31.4,49.6822
c-3-5-2,c-3-5-2.jpg,0,3,2390,31.4,49.6822
c-3-5-3,c-3-5-3.jpg,0,3,2390,31.4,49.6822
c-3-5-4,c-3-5-4.jpg,0,3,2390,31.4,49.6822
c-3-6-1,c-3-6-1.jpg,0,3,2400,32.0,48.80329999999999
c-3-6-2,c-3-6-2.jpg,0,3,2400,32.0,48.80329999999999
c-3-6-3,c-3-6-3.jpg,0,3,2400,32.0,48.80329999999999
c-3-6-4,c-3-6-4.jpg,0,3,2400,32.0,48.80329999999999
c-3-7-1,c-3-7-1.jpg,0,3,2308,31.8,46.599
c-3-7-2,c-3-7-2.jpg,0,3,2308,31.8,46.599
c-3-7-3,c-3-7-3.jpg,0,3,2308,31.8,46.599
c-3-7-4,c-3-7-4.jpg,0,3,2308,31.8,46.599
c-3-9-1,c-3-9-1.jpg,0,3,2180,31.0,24.285200000000003
c-3-9-2,c-3-9-2.jpg,0,3,2180,31.0,24.285200000000003
c-3-9-3,c-3-9-3.jpg,0,3,2180,31.0,24.285200000000003
c-3-9-4,c-3-9-4.jpg,0,3,2180,31.0,24.285200000000003
c-3-11-1,c-3-11-1.jpg,0,3,1410,28.0,14.52
c-3-11-2,c-3-11-2.jpg,0,3,1410,28.0,14.52
c-3-11-3,c-3-11-3.jpg,0,3,1410,28.0,14.52
c-3-11-4,c-3-11-4.jpg,0,3,1410,28.0,14.52
c-3-12-1,c-3-12-1.jpg,0,3,1470,28.0,12.626599999999998
c-3-12-2,c-3-12-2.jpg,0,3,1470,28.0,12.626599999999998
c-3-12-3,c-3-12-3.jpg,0,3,1470,28.0,12.626599999999998
c-3-12-4,c-3-12-4.jpg,0,3,1470,28.0,12.626599999999998
c-3-16-1,c-3-16-1.jpg,0,3,1474,26.0,33.45
c-3-16-2,c-3-16-2.jpg,0,3,1474,26.0,33.45
c-3-16-3,c-3-16-3.jpg,0,3,1474,26.0,33.45
c-3-16-4,c-3-16-4.jpg,0,3,1474,26.0,33.45
c-3-20-1,c-3-20-1.jpg,0,3,1288,28.0,28.416
c-3-20-2,c-3-20-2.jpg,0,3,1288,28.0,28.416
c-3-20-3,c-3-20-3.jpg,0,3,1288,28.0,28.416
c-3-20-4,c-3-20-4.jpg,0,3,1288,28.0,28.416
c-3-21-1,c-3-21-1.jpg,0,3,1310,28.0,29.1927
c-3-21-2,c-3-21-2.jpg,0,3,1310,28.0,29.1927
c-3-21-3,c-3-21-3.jpg,0,3,1310,28.0,29.1927
c-3-21-4,c-3-21-4.jpg,0,3,1310,28.0,29.1927
c-3-26-1,c-3-26-1.jpg,0,3,1435,27.7,31.5
c-3-26-2,c-3-26-2.jpg,0,3,1435,27.7,31.5
c-3-26-3,c-3-26-3.jpg,0,3,1435,27.7,31.5
c-3-26-4,c-3-26-4.jpg,0,3,1435,27.7,31.5
c-3-27-1,c-3-27-1.jpg,0,3,1389,27.7,31.892
c-3-27-2,c-3-27-2.jpg,0,3,1389,27.7,31.892
c-3-27-3,c-3-27-3.jpg,0,3,1389,27.7,31.892
c-3-27-4,c-3-27-4.jpg,0,3,1389,27.7,31.892
c-3-28-1,c-3-28-1.jpg,0,3,1453,27.6,30.510200000000005
c-3-28-2,c-3-28-2.jpg,0,3,1453,27.6,30.510200000000005
c-3-28-3,c-3-28-3.jpg,0,3,1453,27.6,30.510200000000005
c-3-28-4,c-3-28-4.jpg,0,3,1453,27.6,30.510200000000005
c-3-29-1,c-3-29-1.jpg,0,3,1411,27.5,31.552
c-3-29-2,c-3-29-2.jpg,0,3,1411,27.5,31.552
c-3-29-3,c-3-29-3.jpg,0,3,1411,27.5,31.552
c-3-29-4,c-3-29-4.jpg,0,3,1411,27.5,31.552
c-3-30-1,c-3-30-1.jpg,0,3,1457,27.6,31.7016
c-3-30-2,c-3-30-2.jpg,0,3,1457,27.6,31.7016
c-3-30-3,c-3-30-3.jpg,0,3,1457,27.6,31.7016
c-3-30-4,c-3-30-4.jpg,0,3,1457,27.6,31.7016
c-3-31-1,c-3-31-1.jpg,0,3,1400,27.7,30.394
c-3-31-2,c-3-31-2.jpg,0,3,1400,27.7,30.394
c-3-31-3,c-3-31-3.jpg,0,3,1400,27.7,30.394
c-3-31-4,c-3-31-4.jpg,0,3,1400,27.7,30.394
c-3-32-1,c-3-32-1.jpg,0,3,1335,27.7,25.740900000000003
c-3-32-2,c-3-32-2.jpg,0,3,1335,27.7,25.740900000000003
c-3-32-3,c-3-32-3.jpg,0,3,1335,27.7,25.740900000000003
c-3-32-4,c-3-32-4.jpg,0,3,1335,27.7,25.740900000000003
c-3-33-1,c-3-33-1.jpg,0,3,1410,27.7,26.634
c-3-33-2,c-3-33-2.jpg,0,3,1410,27.7,26.634
c-3-33-3,c-3-33-3.jpg,0,3,1410,27.7,26.634
c-3-33-4,c-3-33-4.jpg,0,3,1410,27.7,26.634
c-3-34-1,c-3-34-1.jpg,0,3,1350,27.7,32.3036
c-3-34-2,c-3-34-2.jpg,0,3,1350,27.7,32.3036
c-3-34-3,c-3-34-3.jpg,0,3,1350,27.7,32.3036
c-3-34-4,c-3-34-4.jpg,0,3,1350,27.7,32.3036
c-3-35-1,c-3-35-1.jpg,0,3,1368,27.7,30.6636
c-3-35-2,c-3-35-2.jpg,0,3,1368,27.7,30.6636
c-3-35-3,c-3-35-3.jpg,0,3,1368,27.7,30.6636
c-3-35-4,c-3-35-4.jpg,0,3,1368,27.7,30.6636
s-1-3-1,s-1-3-1.jpg,2,1,1200,21.8,60.032
s-1-3-2,s-1-3-2.jpg,2,1,1200,21.8,60.032
s-1-3-3,s-1-3-3.jpg,2,1,1200,21.8,60.032
s-1-3-4,s-1-3-4.jpg,2,1,1200,21.8,60.032
s-1-4-1,s-1-4-1.jpg,2,1,1268,21.6,57.5652
s-1-4-2,s-1-4-2.jpg,2,1,1268,21.6,57.5652
s-1-4-3,s-1-4-3.jpg,2,1,1268,21.6,57.5652
s-1-4-4,s-1-4-4.jpg,2,1,1268,21.6,57.5652
s-1-5-1,s-1-5-1.jpg,2,1,1176,21.8,45.7026
s-1-5-2,s-1-5-2.jpg,2,1,1176,21.8,45.7026
s-1-5-3,s-1-5-3.jpg,2,1,1176,21.8,45.7026
s-1-5-4,s-1-5-4.jpg,2,1,1176,21.8,45.7026
s-1-6-1,s-1-6-1.jpg,2,1,1101,21.9,50.0808
s-1-6-2,s-1-6-2.jpg,2,1,1101,21.9,50.0808
s-1-6-3,s-1-6-3.jpg,2,1,1101,21.9,50.0808
s-1-6-4,s-1-6-4.jpg,2,1,1101,21.9,50.0808
s-1-7-1,s-1-7-1.jpg,2,1,1054,22.0,43.3422
s-1-7-2,s-1-7-2.jpg,2,1,1054,22.0,43.3422
s-1-7-3,s-1-7-3.jpg,2,1,1054,22.0,43.3422
s-1-7-4,s-1-7-4.jpg,2,1,1054,22.0,43.3422
s-1-9-1,s-1-9-1.jpg,2,1,1089,22.0,51.5403
s-1-9-2,s-1-9-2.jpg,2,1,1089,22.0,51.5403
s-1-9-3,s-1-9-3.jpg,2,1,1089,22.0,51.5403
s-1-9-4,s-1-9-4.jpg,2,1,1089,22.0,51.5403
s-1-11-1,s-1-11-1.jpg,2,1,1143,22.5,49.8576
s-1-11-2,s-1-11-2.jpg,2,1,1143,22.5,49.8576
s-1-11-3,s-1-11-3.jpg,2,1,1143,22.5,49.8576
s-1-11-4,s-1-11-4.jpg,2,1,1143,22.5,49.8576
s-1-12-1,s-1-12-1.jpg,2,1,1109,22.4,43.0542
s-1-12-2,s-1-12-2.jpg,2,1,1109,22.4,43.0542
s-1-12-3,s-1-12-3.jpg,2,1,1109,22.4,43.0542
s-1-12-4,s-1-12-4.jpg,2,1,1109,22.4,43.0542
s-1-16-1,s-1-16-1.jpg,2,1,1150,22.6,58.9815
s-1-16-2,s-1-16-2.jpg,2,1,1150,22.6,58.9815
s-1-16-3,s-1-16-3.jpg,2,1,1150,22.6,58.9815
s-1-16-4,s-1-16-4.jpg,2,1,1150,22.6,58.9815
s-1-20-1,s-1-20-1.jpg,2,1,1190,22.6,66.4989
s-1-20-2,s-1-20-2.jpg,2,1,1190,22.6,66.4989
s-1-20-3,s-1-20-3.jpg,2,1,1190,22.6,66.4989
s-1-20-4,s-1-20-4.jpg,2,1,1190,22.6,66.4989
s-1-21-1,s-1-21-1.jpg,2,1,1265,22.5,62.38099999999999
s-1-21-2,s-1-21-2.jpg,2,1,1265,22.5,62.38099999999999
s-1-21-3,s-1-21-3.jpg,2,1,1265,22.5,62.38099999999999
s-1-21-4,s-1-21-4.jpg,2,1,1265,22.5,62.38099999999999
s-1-26-1,s-1-26-1.jpg,2,1,1301,22.7,63.5495
s-1-26-2,s-1-26-2.jpg,2,1,1301,22.7,63.5495
s-1-26-3,s-1-26-3.jpg,2,1,1301,22.7,63.5495
s-1-26-4,s-1-26-4.jpg,2,1,1301,22.7,63.5495
s-1-27-1,s-1-27-1.jpg,2,1,1300,23.0,46.002
s-1-27-2,s-1-27-2.jpg,2,1,1300,23.0,46.002
s-1-27-3,s-1-27-3.jpg,2,1,1300,23.0,46.002
s-1-27-4,s-1-27-4.jpg,2,1,1300,23.0,46.002
s-1-28-1,s-1-28-1.jpg,2,1,1399,23.1,66.757
s-1-28-2,s-1-28-2.jpg,2,1,1399,23.1,66.757
s-1-28-3,s-1-28-3.jpg,2,1,1399,23.1,66.757
s-1-28-4,s-1-28-4.jpg,2,1,1399,23.1,66.757
s-1-29-1,s-1-29-1.jpg,2,1,1374,23.1,70.9836
s-1-29-2,s-1-29-2.jpg,2,1,1374,23.1,70.9836
s-1-29-3,s-1-29-3.jpg,2,1,1374,23.1,70.9836
s-1-29-4,s-1-29-4.jpg,2,1,1374,23.1,70.9836
s-1-30-1,s-1-30-1.jpg,2,1,1405,23.4,48.1312
s-1-30-2,s-1-30-2.jpg,2,1,1405,23.4,48.1312
s-1-30-3,s-1-30-3.jpg,2,1,1405,23.4,48.1312
s-1-30-4,s-1-30-4.jpg,2,1,1405,23.4,48.1312
s-1-31-1,s-1-31-1.jpg,2,1,1488,34.5,65.28960000000001
s-1-31-2,s-1-31-2.jpg,2,1,1488,34.5,65.28960000000001
s-1-31-3,s-1-31-3.jpg,2,1,1488,34.5,65.28960000000001
s-1-31-4,s-1-31-4.jpg,2,1,1488,34.5,65.28960000000001
s-1-32-1,s-1-32-1.jpg,2,1,1323,23.4,43.6373
s-1-32-2,s-1-32-2.jpg,2,1,1323,23.4,43.6373
s-1-32-3,s-1-32-3.jpg,2,1,1323,23.4,43.6373
s-1-32-4,s-1-32-4.jpg,2,1,1323,23.4,43.6373
s-1-33-1,s-1-33-1.jpg,2,1,1345,23.6,66.7966
s-1-33-2,s-1-33-2.jpg,2,1,1345,23.6,66.7966
s-1-33-3,s-1-33-3.jpg,2,1,1345,23.6,66.7966
s-1-33-4,s-1-33-4.jpg,2,1,1345,23.6,66.7966
s-1-34-1,s-1-34-1.jpg,2,1,1333,23.6,66.0528
s-1-34-2,s-1-34-2.jpg,2,1,1333,23.6,66.0528
s-1-34-3,s-1-34-3.jpg,2,1,1333,23.6,66.0528
s-1-34-4,s-1-34-4.jpg,2,1,1333,23.6,66.0528
s-1-35-1,s-1-35-1.jpg,2,1,1346,23.5,53.6028
s-1-35-2,s-1-35-2.jpg,2,1,1346,23.5,53.6028
s-1-35-3,s-1-35-3.jpg,2,1,1346,23.5,53.6028
s-1-35-4,s-1-35-4.jpg,2,1,1346,23.5,53.6028
s-2-3-1,s-2-3-1.jpg,2,2,1350,32.0,27.5
s-2-3-2,s-2-3-2.jpg,2,2,1350,32.0,27.5
s-2-3-3,s-2-3-3.jpg,2,2,1350,32.0,27.5
s-2-3-4,s-2-3-4.jpg,2,2,1350,32.0,27.5
s-2-4-1,s-2-4-1.jpg,2,2,1400,32.1,28.5348
s-2-4-2,s-2-4-2.jpg,2,2,1400,32.1,28.5348
s-2-4-3,s-2-4-3.jpg,2,2,1400,32.1,28.5348
s-2-4-4,s-2-4-4.jpg,2,2,1400,32.1,28.5348
s-2-5-1,s-2-5-1.jpg,2,2,1378,32.2,25.9718
s-2-5-2,s-2-5-2.jpg,2,2,1378,32.2,25.9718
s-2-5-3,s-2-5-3.jpg,2,2,1378,32.2,25.9718
s-2-5-4,s-2-5-4.jpg,2,2,1378,32.2,25.9718
s-2-6-1,s-2-6-1.jpg,2,2,1420,32.2,35.1936
s-2-6-2,s-2-6-2.jpg,2,2,1420,32.2,35.1936
s-2-6-3,s-2-6-3.jpg,2,2,1420,32.2,35.1936
s-2-6-4,s-2-6-4.jpg,2,2,1420,32.2,35.1936
s-2-7-1,s-2-7-1.jpg,2,2,1398,31.2,32.3136
s-2-7-2,s-2-7-2.jpg,2,2,1398,31.2,32.3136
s-2-7-3,s-2-7-3.jpg,2,2,1398,31.2,32.3136
s-2-7-4,s-2-7-4.jpg,2,2,1398,31.2,32.3136
s-2-9-1,s-2-9-1.jpg,2,2,1456,32.3,33.7783
s-2-9-2,s-2-9-2.jpg,2,2,1456,32.3,33.7783
s-2-9-3,s-2-9-3.jpg,2,2,1456,32.3,33.7783
s-2-9-4,s-2-9-4.jpg,2,2,1456,32.3,33.7783
s-2-11-1,s-2-11-1.jpg,2,2,1534,32.3,35.848800000000004
s-2-11-2,s-2-11-2.jpg,2,2,1534,32.3,35.848800000000004
s-2-11-3,s-2-11-3.jpg,2,2,1534,32.3,35.848800000000004
s-2-11-4,s-2-11-4.jpg,2,2,1534,32.3,35.848800000000004
s-2-12-1,s-2-12-1.jpg,2,2,1500,32.0,25.0208
s-2-12-2,s-2-12-2.jpg,2,2,1500,32.0,25.0208
s-2-12-3,s-2-12-3.jpg,2,2,1500,32.0,25.0208
s-2-12-4,s-2-12-4.jpg,2,2,1500,32.0,25.0208
s-2-16-1,s-2-16-1.jpg,2,2,1632,32.9,40.9756
s-2-16-2,s-2-16-2.jpg,2,2,1632,32.9,40.9756
s-2-16-3,s-2-16-3.jpg,2,2,1632,32.9,40.9756
s-2-16-4,s-2-16-4.jpg,2,2,1632,32.9,40.9756
s-2-20-1,s-2-20-1.jpg,2,2,1569,32.4,38.1634
s-2-20-2,s-2-20-2.jpg,2,2,1569,32.4,38.1634
s-2-20-3,s-2-20-3.jpg,2,2,1569,32.4,38.1634
s-2-20-4,s-2-20-4.jpg,2,2,1569,32.4,38.1634
s-2-21-1,s-2-21-1.jpg,2,2,1698,32.8,43.1222
s-2-21-2,s-2-21-2.jpg,2,2,1698,32.8,43.1222
s-2-21-3,s-2-21-3.jpg,2,2,1698,32.8,43.1222
s-2-21-4,s-2-21-4.jpg,2,2,1698,32.8,43.1222
s-3-3-1,s-3-3-1.jpg,2,3,1475,30.2,20.6894
s-3-3-2,s-3-3-2.jpg,2,3,1475,30.2,20.6894
s-3-3-3,s-3-3-3.jpg,2,3,1475,30.2,20.6894
s-3-3-4,s-3-3-4.jpg,2,3,1475,30.2,20.6894
s-3-4-1,s-3-4-1.jpg,2,3,1463,30.3,20.111
s-3-4-2,s-3-4-2.jpg,2,3,1463,30.3,20.111
s-3-4-4,s-3-4-4.jpg,2,3,1463,30.3,20.111
s-3-5-1,s-3-5-1.jpg,2,3,1514,30.0,20.6553
s-3-5-2,s-3-5-2.jpg,2,3,1514,30.0,20.6553
s-3-5-3,s-3-5-3.jpg,2,3,1514,30.0,20.6553
s-3-5-4,s-3-5-4.jpg,2,3,1514,30.0,20.6553
s-3-6-1,s-3-6-1.jpg,2,3,1450,30.0,21.052
s-3-6-2,s-3-6-2.jpg,2,3,1450,30.0,21.052
s-3-6-3,s-3-6-3.jpg,2,3,1450,30.0,21.052
s-3-6-4,s-3-6-4.jpg,2,3,1450,30.0,21.052
s-3-7-1,s-3-7-1.jpg,2,3,1495,31.2,19.998
s-3-7-2,s-3-7-2.jpg,2,3,1495,31.2,19.998
s-3-7-3,s-3-7-3.jpg,2,3,1495,31.2,19.998
s-3-7-4,s-3-7-4.jpg,2,3,1495,31.2,19.998
s-3-9-1,s-3-9-1.jpg,2,3,1460,30.1,19.7669
s-3-9-2,s-3-9-2.jpg,2,3,1460,30.1,19.7669
s-3-9-3,s-3-9-3.jpg,2,3,1460,30.1,19.7669
s-3-9-4,s-3-9-4.jpg,2,3,1460,30.1,19.7669
s-3-11-1,s-3-11-1.jpg,2,3,1398,30.0,18.26
s-3-11-2,s-3-11-2.jpg,2,3,1398,30.0,18.26
s-3-11-3,s-3-11-3.jpg,2,3,1398,30.0,18.26
s-3-11-4,s-3-11-4.jpg,2,3,1398,30.0,18.26
s-3-12-1,s-3-12-1.jpg,2,3,1380,29.0,19.624
s-3-12-2,s-3-12-2.jpg,2,3,1380,29.0,19.624
s-3-12-3,s-3-12-3.jpg,2,3,1380,29.0,19.624
s-3-12-4,s-3-12-4.jpg,2,3,1380,29.0,19.624
s-3-16-1,s-3-16-1.jpg,2,3,1340,28.0,18.04
s-3-16-2,s-3-16-2.jpg,2,3,1340,28.0,18.04
s-3-16-3,s-3-16-3.jpg,2,3,1340,28.0,18.04
s-3-16-4,s-3-16-4.jpg,2,3,1340,28.0,18.04
s-3-20-1,s-3-20-1.jpg,2,3,1365,28.0,17.860500000000002
s-3-20-2,s-3-20-2.jpg,2,3,1365,28.0,17.860500000000002
s-3-20-3,s-3-20-3.jpg,2,3,1365,28.0,17.860500000000002
s-3-20-4,s-3-20-4.jpg,2,3,1365,28.0,17.860500000000002
s-3-21-1,s-3-21-1.jpg,2,3,1290,28.2,18.3264
s-3-21-2,s-3-21-2.jpg,2,3,1290,28.2,18.3264
s-3-21-3,s-3-21-3.jpg,2,3,1290,28.2,18.3264
s-3-21-4,s-3-21-4.jpg,2,3,1290,28.2,18.3264
w-1-3-1,w-1-3-1.jpg,3,1,2750,28.0,27.612
w-1-3-2,w-1-3-2.jpg,3,1,2750,28.0,27.612
w-1-3-3,w-1-3-3.jpg,3,1,2750,28.0,27.612
w-1-3-4,w-1-3-4.jpg,3,1,2750,28.0,27.612
w-1-4-1,w-1-4-1.jpg,3,1,2765,28.1,28.06
w-1-4-2,w-1-4-2.jpg,3,1,2765,28.1,28.06
w-1-4-3,w-1-4-3.jpg,3,1,2765,28.1,28.06
w-1-4-4,w-1-4-4.jpg,3,1,2765,28.1,28.06
w-1-5-1,w-1-5-1.jpg,3,1,2790,28.2,30.03
w-1-5-2,w-1-5-2.jpg,3,1,2790,28.2,30.03
w-1-5-3,w-1-5-3.jpg,3,1,2790,28.2,30.03
w-1-5-4,w-1-5-4.jpg,3,1,2790,28.2,30.03
w-1-6-1,w-1-6-1.jpg,3,1,2800,29.0,32.2897
w-1-6-2,w-1-6-2.jpg,3,1,2800,29.0,32.2897
w-1-6-3,w-1-6-3.jpg,3,1,2800,29.0,32.2897
w-1-6-4,w-1-6-4.jpg,3,1,2800,29.0,32.2897
w-1-7-1,w-1-7-1.jpg,3,1,2850,29.0,30.935800000000004
w-1-7-2,w-1-7-2.jpg,3,1,2850,29.0,30.935800000000004
w-1-7-3,w-1-7-3.jpg,3,1,2850,29.0,30.935800000000004
w-1-7-4,w-1-7-4.jpg,3,1,2850,29.0,30.935800000000004
w-1-9-1,w-1-9-1.jpg,3,1,2800,29.2,30.290000000000003
w-1-9-2,w-1-9-2.jpg,3,1,2800,29.2,30.290000000000003
w-1-9-3,w-1-9-3.jpg,3,1,2800,29.2,30.290000000000003
w-1-9-4,w-1-9-4.jpg,3,1,2800,29.2,30.290000000000003
w-1-11-1,w-1-11-1.jpg,3,1,2795,29.0,31.482000000000003
w-1-11-2,w-1-11-2.jpg,3,1,2795,29.0,31.482000000000003
w-1-11-3,w-1-11-3.jpg,3,1,2795,29.0,31.482000000000003
w-1-11-4,w-1-11-4.jpg,3,1,2795,29.0,31.482000000000003
w-1-12-1,w-1-12-1.jpg,3,1,2890,29.4,32.058
w-1-12-2,w-1-12-2.jpg,3,1,2890,29.4,32.058
w-1-12-3,w-1-12-3.jpg,3,1,2890,29.4,32.058
w-1-12-4,w-1-12-4.jpg,3,1,2890,29.4,32.058
w-1-16-1,w-1-16-1.jpg,3,1,2900,29.5,32.3058
w-1-16-2,w-1-16-2.jpg,3,1,2900,29.5,32.3058
w-1-16-3,w-1-16-3.jpg,3,1,2900,29.5,32.3058
w-1-16-4,w-1-16-4.jpg,3,1,2900,29.5,32.3058
w-1-20-1,w-1-20-1.jpg,3,1,2900,29.5,31.1148
w-1-20-2,w-1-20-2.jpg,3,1,2900,29.5,31.1148
w-1-20-3,w-1-20-3.jpg,3,1,2900,29.5,31.1148
w-1-20-4,w-1-20-4.jpg,3,1,2900,29.5,31.1148
w-1-21-1,w-1-21-1.jpg,3,1,2950,29.6,32.1265
w-1-21-2,w-1-21-2.jpg,3,1,2950,29.6,32.1265
w-1-21-3,w-1-21-3.jpg,3,1,2950,29.6,32.1265
w-1-21-4,w-1-21-4.jpg,3,1,2950,29.6,32.1265
w-1-26-1,w-1-26-1.jpg,3,1,2975,29.8,32.7543
w-1-26-2,w-1-26-2.jpg,3,1,2975,29.8,32.7543
w-1-26-3,w-1-26-3.jpg,3,1,2975,29.8,32.7543
w-1-26-4,w-1-26-4.jpg,3,1,2975,29.8,32.7543
w-1-27-1,w-1-27-1.jpg,3,1,2990,29.8,36.8793
w-1-27-2,w-1-27-2.jpg,3,1,2990,29.8,36.8793
w-1-27-3,w-1-27-3.jpg,3,1,2990,29.8,36.8793
w-1-27-4,w-1-27-4.jpg,3,1,2990,29.8,36.8793
w-1-28-1,w-1-28-1.jpg,3,1,3012,29.9,35.5001
w-1-28-2,w-1-28-2.jpg,3,1,3012,29.9,35.5001
w-1-28-3,w-1-28-3.jpg,3,1,3012,29.9,35.5001
w-1-28-4,w-1-28-4.jpg,3,1,3012,29.9,35.5001
w-1-29-1,w-1-29-1.jpg,3,1,3030,29.0,37.760000000000005
w-1-29-2,w-1-29-2.jpg,3,1,3030,29.0,37.760000000000005
w-1-29-3,w-1-29-3.jpg,3,1,3030,29.0,37.760000000000005
w-1-29-4,w-1-29-4.jpg,3,1,3030,29.0,37.760000000000005
w-1-30-1,w-1-30-1.jpg,3,1,3080,29.5,37.2406
w-1-30-2,w-1-30-2.jpg,3,1,3080,29.5,37.2406
w-1-30-3,w-1-30-3.jpg,3,1,3080,29.5,37.2406
w-1-30-4,w-1-30-4.jpg,3,1,3080,29.5,37.2406
w-1-31-1,w-1-31-1.jpg,3,1,3111,29.5,33.4311
w-1-31-2,w-1-31-2.jpg,3,1,3111,29.5,33.4311
w-1-31-3,w-1-31-3.jpg,3,1,3111,29.5,33.4311
w-1-31-4,w-1-31-4.jpg,3,1,3111,29.5,33.4311
w-1-32-1,w-1-32-1.jpg,3,1,3120,29.6,37.168
w-1-32-2,w-1-32-2.jpg,3,1,3120,29.6,37.168
w-1-32-3,w-1-32-3.jpg,3,1,3120,29.6,37.168
w-1-32-4,w-1-32-4.jpg,3,1,3120,29.6,37.168
w-1-33-1,w-1-33-1.jpg,3,1,3170,29.6,33.6193
w-1-33-2,w-1-33-2.jpg,3,1,3170,29.6,33.6193
w-1-33-3,w-1-33-3.jpg,3,1,3170,29.6,33.6193
w-1-33-4,w-1-33-4.jpg,3,1,3170,29.6,33.6193
w-1-34-1,w-1-34-1.jpg,3,1,3190,29.5,33.988
w-1-34-2,w-1-34-2.jpg,3,1,3190,29.5,33.988
w-1-34-3,w-1-34-3.jpg,3,1,3190,29.5,33.988
w-1-34-4,w-1-34-4.jpg,3,1,3190,29.5,33.988
w-1-35-1,w-1-35-1.jpg,3,1,3190,29.5,33.988
w-1-35-2,w-1-35-2.jpg,3,1,3190,29.5,33.988
w-1-35-3,w-1-35-3.jpg,3,1,3190,29.5,33.988
w-1-35-4,w-1-35-4.jpg,3,1,3190,29.5,33.988
w-3-3-1,w-3-3-1.jpg,3,3,2650,27.0,36.288
w-3-3-2,w-3-3-2.jpg,3,3,2650,27.0,36.288
w-3-3-3,w-3-3-3.jpg,3,3,2650,27.0,36.288
w-3-3-4,w-3-3-4.jpg,3,3,2650,27.0,36.288
w-3-4-1,w-3-4-1.jpg,3,3,2670,27.8,36.9032
w-3-4-2,w-3-4-2.jpg,3,3,2670,27.8,36.9032
w-3-4-3,w-3-4-3.jpg,3,3,2670,27.8,36.9032
w-3-4-4,w-3-4-4.jpg,3,3,2670,27.8,36.9032
w-3-5-1,w-3-5-1.jpg,3,3,2550,27.8,36.790200000000006
w-3-5-2,w-3-5-2.jpg,3,3,2550,27.8,36.790200000000006
w-3-5-3,w-3-5-3.jpg,3,3,2550,27.8,36.790200000000006
w-3-5-4,w-3-5-4.jpg,3,3,2550,27.8,36.790200000000006
w-3-6-1,w-3-6-1.jpg,3,3,2500,27.6,36.272000000000006
w-3-6-2,w-3-6-2.jpg,3,3,2500,27.6,36.272000000000006
w-3-6-3,w-3-6-3.jpg,3,3,2500,27.6,36.272000000000006
w-3-6-4,w-3-6-4.jpg,3,3,2500,27.6,36.272000000000006
w-3-7-1,w-3-7-1.jpg,3,3,2589,27.6,38.8854
w-3-7-2,w-3-7-2.jpg,3,3,2589,27.6,38.8854
w-3-7-3,w-3-7-3.jpg,3,3,2589,27.6,38.8854
w-3-7-4,w-3-7-4.jpg,3,3,2589,27.6,38.8854
w-3-9-1,w-3-9-1.jpg,3,3,2598,27.7,40.454
w-3-9-2,w-3-9-2.jpg,3,3,2598,27.7,40.454
w-3-9-3,w-3-9-3.jpg,3,3,2598,27.7,40.454
w-3-9-4,w-3-9-4.jpg,3,3,2598,27.7,40.454
w-3-11-1,w-3-11-1.jpg,3,3,2600,27.9,36.336000000000006
w-3-11-2,w-3-11-2.jpg,3,3,2600,27.9,36.336000000000006
w-3-11-3,w-3-11-3.jpg,3,3,2600,27.9,36.336000000000006
w-3-11-4,w-3-11-4.jpg,3,3,2600,27.9,36.336000000000006
w-3-12-1,w-3-12-1.jpg,3,3,2601,27.9,40.8299
w-3-12-2,w-3-12-2.jpg,3,3,2601,27.9,40.8299
w-3-12-3,w-3-12-3.jpg,3,3,2601,27.9,40.8299
w-3-12-4,w-3-12-4.jpg,3,3,2601,27.9,40.8299
w-3-16-1,w-3-16-1.jpg,3,3,2589,27.5,37.6035
w-3-16-2,w-3-16-2.jpg,3,3,2589,27.5,37.6035
w-3-16-3,w-3-16-3.jpg,3,3,2589,27.5,37.6035
w-3-16-4,w-3-16-4.jpg,3,3,2589,27.5,37.6035
w-3-20-1,w-3-20-1.jpg,3,3,2578,27.6,38.3292
w-3-20-2,w-3-20-2.jpg,3,3,2578,27.6,38.3292
w-3-20-3,w-3-20-3.jpg,3,3,2578,27.6,38.3292
w-3-20-4,w-3-20-4.jpg,3,3,2578,27.6,38.3292
w-3-21-1,w-3-21-1.jpg,3,3,2604,27.4,42.845
w-3-21-2,w-3-21-2.jpg,3,3,2604,27.4,42.845
w-3-21-3,w-3-21-3.jpg,3,3,2604,27.4,42.845
w-3-21-4,w-3-21-4.jpg,3,3,2604,27.4,42.845
w-3-26-1,w-3-26-1.jpg,3,3,2630,27.6,41.514
w-3-26-2,w-3-26-2.jpg,3,3,2630,27.6,41.514
w-3-26-3,w-3-26-3.jpg,3,3,2630,27.6,41.514
w-3-26-4,w-3-26-4.jpg,3,3,2630,27.6,41.514
w-3-27-1,w-3-27-1.jpg,3,3,2654,27.7,40.5983
w-3-27-2,w-3-27-2.jpg,3,3,2654,27.7,40.5983
w-3-27-3,w-3-27-3.jpg,3,3,2654,27.7,40.5983
w-3-27-4,w-3-27-4.jpg,3,3,2654,27.7,40.5983
w-3-28-1,w-3-28-1.jpg,3,3,2630,27.6,40.0423
w-3-28-2,w-3-28-2.jpg,3,3,2630,27.6,40.0423
w-3-28-3,w-3-28-3.jpg,3,3,2630,27.6,40.0423
w-3-28-4,w-3-28-4.jpg,3,3,2630,27.6,40.0423
w-3-29-1,w-3-29-1.jpg,3,3,2698,27.8,37.7832
w-3-29-2,w-3-29-2.jpg,3,3,2698,27.8,37.7832
w-3-29-3,w-3-29-3.jpg,3,3,2698,27.8,37.7832
w-3-29-4,w-3-29-4.jpg,3,3,2698,27.8,37.7832
w-3-30-1,w-3-30-1.jpg,3,3,2688,27.8,39.1674
w-3-30-2,w-3-30-2.jpg,3,3,2688,27.8,39.1674
w-3-30-3,w-3-30-3.jpg,3,3,2688,27.8,39.1674
w-3-30-4,w-3-30-4.jpg,3,3,2688,27.8,39.1674
w-3-31-1,w-3-31-1.jpg,3,3,2701,27.9,36.6424
w-3-31-2,w-3-31-2.jpg,3,3,2701,27.9,36.6424
w-3-31-3,w-3-31-3.jpg,3,3,2701,27.9,36.6424
w-3-31-4,w-3-31-4.jpg,3,3,2701,27.9,36.6424
w-3-32-1,w-3-32-1.jpg,3,3,2699,27.8,37.9236
w-3-32-2,w-3-32-2.jpg,3,3,2699,27.8,37.9236
w-3-32-3,w-3-32-3.jpg,3,3,2699,27.8,37.9236
w-3-32-4,w-3-32-4.jpg,3,3,2699,27.8,37.9236
w-3-33-1,w-3-33-1.jpg,3,3,2589,27.5,37.267
w-3-33-2,w-3-33-2.jpg,3,3,2589,27.5,37.267
w-3-33-3,w-3-33-3.jpg,3,3,2589,27.5,37.267
w-3-33-4,w-3-33-4.jpg,3,3,2589,27.5,37.267
w-3-34-1,w-3-34-1.jpg,3,3,2568,27.4,37.978
w-3-34-2,w-3-34-2.jpg,3,3,2568,27.4,37.978
w-3-34-3,w-3-34-3.jpg,3,3,2568,27.4,37.978
w-3-34-4,w-3-34-4.jpg,3,3,2568,27.4,37.978
w-3-35-1,w-3-35-1.jpg,3,3,2501,27.1,36.012600000000006
w-3-35-2,w-3-35-2.jpg,3,3,2501,27.1,36.012600000000006
w-3-35-3,w-3-35-3.jpg,3,3,2501,27.1,36.012600000000006
w-3-35-4,w-3-35-4.jpg,3,3,2501,27.1,36.012600000000006
